Carimbo de data/hora,Qual sua idade?,Você reside na região da Serra Catarinense?,Gênero?,Qual sua formação acadêmica?,Qual sua atividade?,Qual sua renda mensal?,Qual sua média de consumo de vinhos ao mês?,Como você avalia o seu nível de conhecimento sobre vinhos?,Você costuma beber vinho:,Onde você costuma beber vinho?,Onde você costuma comprar vinhos?,Você faz parte de alguma confraria ou clube de vinhos?,Quais vinhos você consome?,Quais tipos de vinhos você costuma consumir? Assinale de acordo com o seu grau de consumo. [Bebo vinho Tinto],Quais tipos de vinhos você costuma consumir? Assinale de acordo com o seu grau de consumo. [Bebo vinho Rosé],Quais tipos de vinhos você costuma consumir? Assinale de acordo com o seu grau de consumo. [Bebo vinho Branco],Quais tipos de vinhos você costuma consumir? Assinale de acordo com o seu grau de consumo. [Bebo vinho Espumante],"Quais tipos de vinhos você costuma consumir? Assinale de acordo com o seu grau de consumo. [Bebo vinhos Fortificados (ex. madeira, vermute, moscatel, vinho do porto)]","Quais atributos  do vinho influenciam na hora de comprar? Assinale de acordo com o grau de importância. [Aroma, sabor e textura]",Quais atributos  do vinho influenciam na hora de comprar? Assinale de acordo com o grau de importância. [Coloração],Quais atributos  do vinho influenciam na hora de comprar? Assinale de acordo com o grau de importância. [Safra],Quais atributos  do vinho influenciam na hora de comprar? Assinale de acordo com o grau de importância. [Idade],Quais atributos  do vinho influenciam na hora de comprar? Assinale de acordo com o grau de importância. [Teor alcoólico],Quais atributos  do vinho influenciam na hora de comprar? Assinale de acordo com o grau de importância. [Tempo em barril de carvalho],Quais atributos  do vinho influenciam na hora de comprar? Assinale de acordo com o grau de importância. [País de origem],Quais atributos  do vinho influenciam na hora de comprar? Assinale de acordo com o grau de importância. [Região dos país de origem],Quais atributos  do vinho influenciam na hora de comprar? Assinale de acordo com o grau de importância. [Marca/vinícola],Quais atributos  do vinho influenciam na hora de comprar? Assinale de acordo com o grau de importância. [Prêmios/medalhas],"Quais atributos  do vinho influenciam na hora de comprar? Assinale de acordo com o grau de importância. [Certificações (ex. DOC, Grand Vin, Grand Cru)]",Quais atributos  do vinho influenciam na hora de comprar? Assinale de acordo com o grau de importância. [Preço],Quais atributos  do vinho influenciam na hora de comprar? Assinale de acordo com o grau de importância. [Rótulo da garrafa],Quais atributos  do vinho influenciam na hora de comprar? Assinale de acordo com o grau de importância. [Formato da garrafa],Quais atributos  do vinho influenciam na hora de comprar? Assinale de acordo com o grau de importância. [Promoções],Quais atributos  do vinho influenciam na hora de comprar? Assinale de acordo com o grau de importância. [Estacionamento],Quais atributos  do vinho influenciam na hora de comprar? Assinale de acordo com o grau de importância. [Serviço de entrega],Quais atributos  do vinho influenciam na hora de comprar? Assinale de acordo com o grau de importância. [Responsabilidade social da vinícola/estabelecimento],De quais países você prefere consumir vinho?,Na hora de escolher o vinho por quais uvas você tem preferência?,Quais dessas marcas da Serra Catarinense de vinho você conhece? ,Você costuma comprar vinho para presente?,"Quando você pensa em degustar um vinho, qual a primeira palavra que vem a sua mente?"
23/08/2021 15:23:57,51 a 60 anos,Sim,Masculino,Ensino Superior completo,Aposentado(a),R$2.501 - R$3.500,3 - 5 garrafas,Médio,Com companheiro(a),Em casa,"Supermercado, Internet, Lojas especializadas",Não,Seco,Muitas vezes,Muitas vezes,Raramente,Ás vezes,Ás vezes,Muito importante,Muito importante,Muito importante,Importante,Muito importante,Neutro,Neutro,Neutro,Neutro,Neutro,Neutro,Importante,Importante,Importante,Muito importante,Importante,Importante,Importante,"Argentina, Brasil, Chile, Espanha, França",brancas,"Montepulciano Mastino - Vinícola Leone di Venezia, Primiero Cabernet Sauvignon - Vinícola Villaggio Bassetti, Núbio Malbec - Vinícola Sanjo",Sim,sabor da uva
23/08/2021 20:18:58,51 a 60 anos,Sim,Feminino,"Pós-graduação (especialização), mestrado ou doutorado",Aposentado(a),R$7.501 ou mais,1 - 2 garrafas,Baixo,Com amigos(as),Em casa,"Supermercado, Lojas especializadas",Não,Seco,Muitas vezes,Ás vezes,Ás vezes,Ás vezes,Nunca,Pouco importante,Pouco importante,Pouco importante,Nada importante,Nada importante,Nada importante,Nada importante,Nada importante,Pouco importante,Nada importante,Nada importante,Pouco importante,Nada importante,Nada importante,Pouco importante,Nada importante,Nada importante,Nada importante,"Argentina, Brasil, Chile","Pina noir, merlô, ",Pinot Noir Cuvée de Safras - Vinícola Quinta da Neve,Não,Queijo
23/08/2021 20:21:33,51 a 60 anos,Sim,Masculino,Ensino Superior completo,Aposentado(a),R$7.501 ou mais,6 - 10 garrafas,Baixo,Com companheiro(a),Em casa,Supermercado,Não,Seco,Muitas vezes,Ás vezes,Raramente,Nunca,Raramente,Importante,Importante,Neutro,Neutro,Neutro,Neutro,Neutro,Neutro,Pouco importante,Neutro,Neutro,Neutro,Neutro,Pouco importante,Neutro,Importante,Neutro,Importante,Brasil,Rose ,Núbio Malbec - Vinícola Sanjo,Sim,Uva
23/08/2021 22:32:21,Acima de 60 anos,Sim,Masculino,"Pós-graduação (especialização), mestrado ou doutorado",Aposentado(a),R$7.501 ou mais,6 - 10 garrafas,Baixo,"Sozinho(a), Com companheiro(a), Com familiares, Com amigos(as)","Em casa, Casa de amigos, Restaurantes e bares, Festas","Supermercado, Internet, Lojas especializadas",Sim,Seco,Muitas vezes,Raramente,Muitas vezes,Ás vezes,Raramente,Muito importante,Nada importante,Importante,Importante,Neutro,Neutro,Importante,Importante,Importante,Neutro,Importante,Neutro,Neutro,Importante,Importante,Importante,Importante,Importante,"Argentina, Brasil, Chile, Espanha, Itália, França",Chadorney,"Pinot Noir Cuvée de Safras - Vinícola Quinta da Neve, Núbio Malbec - Vinícola Sanjo, Suzin Sauvignon Blanc - Vinícola Suzin, Cave Pericó Brut Branco Espumante - Vinícola Pericó",Sim,Vinho branco seco
23/08/2021 12:48:30,41 a 50 anos,Sim,Feminino,"Pós-graduação (especialização), mestrado ou doutorado",Autônomo(a),R$7.501 ou mais,3 - 5 garrafas,Médio,"Com companheiro(a), Com amigos(as)","Em casa, Casa de amigos, Restaurantes e bares, Festas","Supermercado, Vinícolas, Lojas especializadas, Quando viajo",Não,Seco,Muitas vezes,Raramente,Ás vezes,Raramente,Raramente,Muito importante,Muito importante,Neutro,Neutro,Neutro,Importante,Importante,Pouco importante,Muito importante,Neutro,Neutro,Muito importante,Neutro,Neutro,Muito importante,Nada importante,Nada importante,Pouco importante,"Argentina, Brasil, Chile, França, Uruguai","Cabernet Sauvignon, pinot noir, Chardonnay","Montepulciano Mastino - Vinícola Leone di Venezia, Primiero Cabernet Sauvignon - Vinícola Villaggio Bassetti, VF Rosé - Vinícola Villa Francioni",Sim,"Harmonizar, pensando com a comida q vou consumir"
23/08/2021 13:05:55,Acima de 60 anos,Sim,Feminino,Ensino Médio,Autônomo(a),Até R$2.500,1 - 2 garrafas,Baixo,Sozinho(a),Em casa,Supermercado,Não,Meio-seco,Ás vezes,Ás vezes,Ás vezes,Ás vezes,Ás vezes,Importante,Importante,Neutro,Neutro,Importante,Neutro,Importante,Neutro,Neutro,Neutro,Neutro,Muito importante,Neutro,Neutro,Neutro,Pouco importante,Pouco importante,Importante,Brasil,Rose,"VF Rosé - Vinícola Villa Francioni, Cave Pericó Brut Branco Espumante - Vinícola Pericó",Não,Satisfação
23/08/2021 13:16:09,31 a 40 anos,Sim,Feminino,"Pós-graduação (especialização), mestrado ou doutorado",Autônomo(a),R$4.501 - R$5.500,1 - 2 garrafas,Baixo,"Com companheiro(a), Com familiares, Com amigos(as)","Em casa, Casa de amigos, Casa de familiares","Supermercado, Internet, Quando viajo",Sim,Seco,Sempre,Muitas vezes,Muitas vezes,Sempre,Raramente,Muito importante,Neutro,Importante,Muito importante,Importante,Importante,Importante,Importante,Neutro,Neutro,Importante,Muito importante,Nada importante,Nada importante,Muito importante,Neutro,Importante,Neutro,"Argentina, Espanha, Portugal",Malbec,"VF Rosé - Vinícola Villa Francioni, Cave Pericó Brut Branco Espumante - Vinícola Pericó",Sim,Sabor
23/08/2021 14:00:21,26 a 30 anos,Sim,Masculino,Ensino Superior completo,Autônomo(a),R$3.501 - R$4.500,3 - 5 garrafas,Médio,"Sozinho(a), Com companheiro(a), Com familiares, Com amigos(as)","Em casa, Casa de amigos, Casa de familiares",Lojas especializadas,Sim,"Seco, Doce",Muitas vezes,Muitas vezes,Muitas vezes,Muitas vezes,Ás vezes,Muito importante,Muito importante,Muito importante,Muito importante,Importante,Neutro,Importante,Importante,Importante,Neutro,Importante,Importante,Importante,Neutro,Pouco importante,Importante,Neutro,Importante,"África do Sul, Argentina, Brasil, Chile, Espanha, Estados Unidos, Itália, França, Portugal, Uruguai, Todos desde que tenha procedência.","CHARDONNAY, SANGIOVESE, VARIEDADES PORTUGUESAS EM GERAL.","Montepulciano Mastino - Vinícola Leone di Venezia, Thera Anima Rosé - Vinícola Thera, Primiero Cabernet Sauvignon - Vinícola Villaggio Bassetti, Pinot Noir Cuvée de Safras - Vinícola Quinta da Neve, Núbio Malbec - Vinícola Sanjo, Cave Pericó Brut Branco Espumante - Vinícola Pericó",Sim,NOVIDADE
23/08/2021 15:20:59,41 a 50 anos,Sim,Masculino,"Pós-graduação (especialização), mestrado ou doutorado",Autônomo(a),R$7.501 ou mais,1 - 2 garrafas,Médio,Com companheiro(a),"Em casa, Casa de amigos, Casa de familiares, Restaurantes e bares","Supermercado, Vinícolas, Internet, Lojas especializadas, Quando viajo",Não,Seco,Muitas vezes,Ás vezes,Ás vezes,Ás vezes,Raramente,Muito importante,Muito importante,Importante,Importante,Importante,Pouco importante,Pouco importante,Pouco importante,Pouco importante,Pouco importante,Importante,Muito importante,Importante,Pouco importante,Muito importante,Importante,Importante,Muito importante,"África do Sul, Argentina, Brasil, Chile, Espanha, Portugal, Uruguai",Cabernet ,"Montepulciano Mastino - Vinícola Leone di Venezia, Thera Anima Rosé - Vinícola Thera, Primiero Cabernet Sauvignon - Vinícola Villaggio Bassetti, Pinot Noir Cuvée de Safras - Vinícola Quinta da Neve, Núbio Malbec - Vinícola Sanjo, VF Rosé - Vinícola Villa Francioni, Suzin Sauvignon Blanc - Vinícola Suzin, Cave Pericó Brut Branco Espumante - Vinícola Pericó",Sim,Prazer
23/08/2021 17:43:45,51 a 60 anos,Sim,Feminino,"Pós-graduação (especialização), mestrado ou doutorado",Autônomo(a),R$7.501 ou mais,3 - 5 garrafas,Baixo,"Com familiares, Com amigos(as)","Em casa, Casa de amigos, Casa de familiares","Supermercado, Vinícolas, Quando viajo",Não,Seco,Sempre,Nunca,Sempre,Sempre,Sempre,Muito importante,Importante,Muito importante,Muito importante,Muito importante,Importante,Importante,Nada importante,Muito importante,Muito importante,Muito importante,Muito importante,Nada importante,Nada importante,Muito importante,Muito importante,Nada importante,Importante,"Argentina, Brasil, França, Portugal","Cabernet Sauvignon, tannat, Merlot, Malbec ","Suzin Sauvignon Blanc - Vinícola Suzin, Cave Pericó Brut Branco Espumante - Vinícola Pericó",Sim,Amadeirado
23/08/2021 18:29:56,41 a 50 anos,Sim,Feminino,Ensino Superior completo,Autônomo(a),R$6.501 - R$7.500,1 - 2 garrafas,Nenhum,Com amigos(as),Casa de amigos,Vendedores autônomos,Não,Seco,Ás vezes,Ás vezes,Ás vezes,Ás vezes,Ás vezes,Pouco importante,Pouco importante,Pouco importante,Pouco importante,Pouco importante,Pouco importante,Pouco importante,Pouco importante,Pouco importante,Pouco importante,Pouco importante,Pouco importante,Pouco importante,Pouco importante,Pouco importante,Pouco importante,Pouco importante,Pouco importante,"Argentina, Brasil, Chile",Merlot,"Núbio Malbec - Vinícola Sanjo, VF Rosé - Vinícola Villa Francioni, Suzin Sauvignon Blanc - Vinícola Suzin",Sim,Prazer
23/08/2021 18:42:01,31 a 40 anos,Sim,Feminino,"Pós-graduação (especialização), mestrado ou doutorado",Autônomo(a),R$7.501 ou mais,1 - 2 garrafas,Baixo,"Com companheiro(a), Com familiares","Em casa, Casa de amigos",Vendedores autônomos,Não,Doce,Muitas vezes,Muitas vezes,Muitas vezes,Ás vezes,Nunca,Neutro,Neutro,Neutro,Neutro,Neutro,Neutro,Neutro,Neutro,Neutro,Neutro,Neutro,Neutro,Neutro,Neutro,Neutro,Neutro,Neutro,Neutro,Argentina,Malbec ,"Thera Anima Rosé - Vinícola Thera, VF Rosé - Vinícola Villa Francioni, Cave Pericó Brut Branco Espumante - Vinícola Pericó",Sim,Vinícolas serranas 
23/08/2021 18:46:31,41 a 50 anos,Sim,Feminino,"Pós-graduação (especialização), mestrado ou doutorado",Autônomo(a),R$3.501 - R$4.500,3 - 5 garrafas,Médio,Sozinho(a),Em casa,Supermercado,Não,Seco,Sempre,Muitas vezes,Muitas vezes,Raramente,Raramente,Muito importante,Muito importante,Neutro,Neutro,Neutro,Importante,Importante,Importante,Importante,Importante,Importante,Muito importante,Muito importante,Importante,Importante,Muito importante,Muito importante,Importante,"Argentina, Chile, Portugal",Carmenere,"Montepulciano Mastino - Vinícola Leone di Venezia, Thera Anima Rosé - Vinícola Thera, Núbio Malbec - Vinícola Sanjo, VF Rosé - Vinícola Villa Francioni, Cave Pericó Brut Branco Espumante - Vinícola Pericó",Sim,Delicioso
23/08/2021 18:54:09,31 a 40 anos,Sim,Masculino,Ensino Superior completo,Autônomo(a),R$4.501 - R$5.500,6 - 10 garrafas,Médio,"Com companheiro(a), Com familiares, Com amigos(as)","Em casa, Casa de amigos, Restaurantes e bares","Supermercado, Lojas especializadas, Quando viajo",Não,Seco,Sempre,Nunca,Ás vezes,Raramente,Raramente,Muito importante,Nada importante,Nada importante,Nada importante,Nada importante,Nada importante,Muito importante,Importante,Importante,Pouco importante,Nada importante,Muito importante,Nada importante,Nada importante,Muito importante,Nada importante,Nada importante,Nada importante,"Argentina, Chile","Malbec, Carmenere, cabernet suvion","Pinot Noir Cuvée de Safras - Vinícola Quinta da Neve, Núbio Malbec - Vinícola Sanjo, VF Rosé - Vinícola Villa Francioni",Sim,Amigos
23/08/2021 19:11:16,Acima de 60 anos,Sim,Masculino,Ensino Superior completo,Autônomo(a),R$7.501 ou mais,3 - 5 garrafas,Médio,Com familiares,"Em casa, Casa de amigos, Casa de familiares, Restaurantes e bares, Festas",Supermercado,Não,Seco,Ás vezes,Nunca,Raramente,Raramente,Nunca,Pouco importante,Pouco importante,Nada importante,Nada importante,Nada importante,Pouco importante,Nada importante,Nada importante,Pouco importante,Nada importante,Nada importante,Pouco importante,Pouco importante,Nada importante,Pouco importante,Nada importante,Nada importante,Pouco importante,"Argentina, Brasil, Chile, França, Portugal, Uruguai",Carmennere,"Thera Anima Rosé - Vinícola Thera, Núbio Malbec - Vinícola Sanjo",Sim,Prazer
23/08/2021 19:15:44,31 a 40 anos,Sim,Feminino,Ensino Superior em andamento,Autônomo(a),R$4.501 - R$5.500,6 - 10 garrafas,Médio,"Com companheiro(a), Com amigos(as)","Em casa, Restaurantes e bares","Supermercado, Vinícolas, Internet, Lojas especializadas",Não,Seco,Sempre,Sempre,Muitas vezes,Ás vezes,Raramente,Neutro,Neutro,Importante,Muito importante,Importante,Importante,Muito importante,Muito importante,Importante,Neutro,Muito importante,Muito importante,Importante,Muito importante,Muito importante,Muito importante,Muito importante,Importante,"Argentina, Brasil",Merlot / ,"Núbio Malbec - Vinícola Sanjo, VF Rosé - Vinícola Villa Francioni, Suzin Sauvignon Blanc - Vinícola Suzin, Cave Pericó Brut Branco Espumante - Vinícola Pericó",Sim,confraternização
23/08/2021 19:20:02,Acima de 60 anos,Sim,Masculino,"Pós-graduação (especialização), mestrado ou doutorado",Autônomo(a),R$7.501 ou mais,3 - 5 garrafas,Médio,"Com companheiro(a), Com familiares, Com amigos(as)","Em casa, Casa de amigos, Casa de familiares, Restaurantes e bares","Supermercado, Lojas especializadas",Não,"Seco, Meio-seco",Muitas vezes,Ás vezes,Ás vezes,Raramente,Ás vezes,Muito importante,Muito importante,Importante,Importante,Neutro,Importante,Importante,Importante,Importante,Importante,Importante,Importante,Neutro,Pouco importante,Neutro,Neutro,Neutro,Neutro,"Argentina, Brasil, Chile, Espanha, Portugal","Malbec, Tempranillo ","Thera Anima Rosé - Vinícola Thera, Núbio Malbec - Vinícola Sanjo, Suzin Sauvignon Blanc - Vinícola Suzin, Cave Pericó Brut Branco Espumante - Vinícola Pericó",Sim,Prazer. 
23/08/2021 20:12:38,Acima de 60 anos,Sim,Masculino,"Pós-graduação (especialização), mestrado ou doutorado",Autônomo(a),R$7.501 ou mais,3 - 5 garrafas,Médio,Com amigos(as),Restaurantes e bares,Quando viajo,Não,Seco,Ás vezes,Ás vezes,Muitas vezes,Ás vezes,Raramente,Importante,Pouco importante,Importante,Neutro,Importante,Muito importante,Importante,Importante,Importante,Importante,Neutro,Neutro,Importante,Importante,Neutro,Importante,Importante,Importante,"Argentina, Brasil, Chile, França, Portugal",Chardonnay ,"Thera Anima Rosé - Vinícola Thera, Núbio Malbec - Vinícola Sanjo, VF Rosé - Vinícola Villa Francioni, Cave Pericó Brut Branco Espumante - Vinícola Pericó",Sim,Companhia 
23/08/2021 20:36:12,51 a 60 anos,Sim,Masculino,"Pós-graduação (especialização), mestrado ou doutorado",Autônomo(a),R$7.501 ou mais,11 - 15 garrafas,Médio,Com companheiro(a),Em casa,"Supermercado, Quando viajo",Não,Seco,Muitas vezes,Raramente,Ás vezes,Ás vezes,Raramente,Importante,Importante,Neutro,Importante,Importante,Importante,Importante,Importante,Importante,Neutro,Importante,Neutro,Neutro,Importante,Importante,Importante,Neutro,Neutro,"Argentina, Espanha, Portugal",Cabernet-souvignon e tannat ,"Thera Anima Rosé - Vinícola Thera, Pinot Noir Cuvée de Safras - Vinícola Quinta da Neve, Núbio Malbec - Vinícola Sanjo, VF Rosé - Vinícola Villa Francioni, Suzin Sauvignon Blanc - Vinícola Suzin, Cave Pericó Brut Branco Espumante - Vinícola Pericó",Sim,Sabor
23/08/2021 21:45:11,51 a 60 anos,Sim,Masculino,"Pós-graduação (especialização), mestrado ou doutorado",Autônomo(a),R$7.501 ou mais,6 - 10 garrafas,Médio,"Com companheiro(a), Com amigos(as)","Em casa, Restaurantes e bares","Lojas especializadas, Vendedores autônomos",Sim,Seco,Sempre,Raramente,Raramente,Ás vezes,Raramente,Muito importante,Importante,Importante,Neutro,Importante,Importante,Importante,Neutro,Muito importante,Neutro,Importante,Importante,Neutro,Neutro,Importante,Neutro,Neutro,Importante,"Argentina, Brasil, Chile","Malbec, Carmenere, Cabernet Sauvignon.","Montepulciano Mastino - Vinícola Leone di Venezia, Núbio Malbec - Vinícola Sanjo, VF Rosé - Vinícola Villa Francioni, Cave Pericó Brut Branco Espumante - Vinícola Pericó",Sim,Prazer 
23/08/2021 22:14:03,51 a 60 anos,Sim,Feminino,"Pós-graduação (especialização), mestrado ou doutorado",Autônomo(a),R$5.501 - R$6.500,3 - 5 garrafas,Médio,Com amigos(as),"Em casa, Casa de amigos, Casa de familiares, Restaurantes e bares","Supermercado, Vinícolas",Não,Seco,Sempre,Ás vezes,Ás vezes,Muitas vezes,Raramente,Importante,Neutro,Muito importante,Importante,Importante,Importante,Neutro,Importante,Importante,Neutro,Neutro,Muito importante,Neutro,Neutro,Muito importante,Nada importante,Nada importante,Importante,"Argentina, Brasil, Chile, Portugal",Cabernet sauvignon ,"Núbio Malbec - Vinícola Sanjo, VF Rosé - Vinícola Villa Francioni, Cave Pericó Brut Branco Espumante - Vinícola Pericó",Sim,Prazer
24/08/2021 10:30:01,26 a 30 anos,Sim,Feminino,"Pós-graduação (especialização), mestrado ou doutorado",Autônomo(a),R$5.501 - R$6.500,1 - 2 garrafas,Baixo,"Com familiares, Com amigos(as)","Casa de amigos, Casa de familiares, Restaurantes e bares","Supermercado, Lojas especializadas",Não,"Meio-seco, Suave",Ás vezes,Ás vezes,Raramente,Sempre,Muitas vezes,Muito importante,Neutro,Importante,Neutro,Neutro,Neutro,Neutro,Neutro,Importante,Pouco importante,Pouco importante,Importante,Neutro,Pouco importante,Importante,Importante,Importante,Muito importante,Brasil,Nao tenho muita preferência ,"Núbio Malbec - Vinícola Sanjo, VF Rosé - Vinícola Villa Francioni",Sim,Sabor do vinho 
24/08/2021 11:05:21,26 a 30 anos,Sim,Masculino,Ensino Superior completo,Autônomo(a),R$3.501 - R$4.500,6 - 10 garrafas,Médio,"Com companheiro(a), Com amigos(as)","Em casa, Casa de amigos",Supermercado,Não,"Meio-seco, Suave",Muitas vezes,Muitas vezes,Muitas vezes,Muitas vezes,Ás vezes,Neutro,Neutro,Neutro,Neutro,Neutro,Neutro,Importante,Importante,Importante,Importante,Neutro,Muito importante,Neutro,Neutro,Muito importante,Neutro,Neutro,Neutro,"Brasil, Portugal",Não tenho preferência ,Pinot Noir Cuvée de Safras - Vinícola Quinta da Neve,Sim,Não sei 
24/08/2021 11:20:03,41 a 50 anos,Sim,Masculino,"Pós-graduação (especialização), mestrado ou doutorado",Autônomo(a),R$7.501 ou mais,3 - 5 garrafas,Baixo,"Com companheiro(a), Com familiares",Em casa,Supermercado,Não,"Seco, Meio-seco",Ás vezes,Raramente,Ás vezes,Ás vezes,Ás vezes,Importante,Neutro,Neutro,Neutro,Importante,Importante,Importante,Neutro,Importante,Importante,Neutro,Importante,Importante,Neutro,Importante,Neutro,Neutro,Neutro,"Argentina, Brasil, Itália, Portugal, Uruguai",Sem preferência,"VF Rosé - Vinícola Villa Francioni, Cave Pericó Brut Branco Espumante - Vinícola Pericó",Sim,Aroma
24/08/2021 12:04:24,41 a 50 anos,Sim,Masculino,"Pós-graduação (especialização), mestrado ou doutorado",Autônomo(a),R$7.501 ou mais,6 - 10 garrafas,Médio,"Com companheiro(a), Com familiares, Com amigos(as)","Em casa, Casa de amigos, Casa de familiares, Restaurantes e bares","Internet, Lojas especializadas, Vendedores autônomos",Sim,Seco,Muitas vezes,Raramente,Ás vezes,Raramente,Raramente,Importante,Importante,Muito importante,Importante,Importante,Importante,Muito importante,Muito importante,Muito importante,Neutro,Importante,Importante,Pouco importante,Pouco importante,Importante,Nada importante,Muito importante,Pouco importante,"Argentina, Brasil, Chile, Espanha, Estados Unidos, Itália, França, Portugal, Uruguai","Malbec, Cabernet Sauvignon, Sangiovese, Chardonnay, Pinot noir, Nebbiolo…. ","Montepulciano Mastino - Vinícola Leone di Venezia, Thera Anima Rosé - Vinícola Thera, Primiero Cabernet Sauvignon - Vinícola Villaggio Bassetti, Núbio Malbec - Vinícola Sanjo, VF Rosé - Vinícola Villa Francioni, Suzin Sauvignon Blanc - Vinícola Suzin, Cave Pericó Brut Branco Espumante - Vinícola Pericó",Sim,Prazer…
24/08/2021 12:10:49,41 a 50 anos,Sim,Feminino,"Pós-graduação (especialização), mestrado ou doutorado",Autônomo(a),R$6.501 - R$7.500,3 - 5 garrafas,Médio,"Sozinho(a), Com companheiro(a), Com familiares, Com amigos(as)","Em casa, Casa de familiares, Restaurantes e bares, Festas","Vinícolas, Internet, Quando viajo, Vendedores autônomos",Sim,"Seco, Meio-seco, Suave",Muitas vezes,Ás vezes,Muitas vezes,Raramente,Ás vezes,Muito importante,Muito importante,Muito importante,Muito importante,Neutro,Importante,Importante,Importante,Importante,Neutro,Neutro,Neutro,Importante,Neutro,Neutro,Neutro,Importante,Importante,"Argentina, Brasil, Chile, Espanha, Itália, França, Portugal, Uruguai",Cabernet Chardonnay alberino barbera Sauvignon carmenere Pinot noir Cabernet franc etc ,"Montepulciano Mastino - Vinícola Leone di Venezia, Thera Anima Rosé - Vinícola Thera, Primiero Cabernet Sauvignon - Vinícola Villaggio Bassetti, Pinot Noir Cuvée de Safras - Vinícola Quinta da Neve, Núbio Malbec - Vinícola Sanjo, VF Rosé - Vinícola Villa Francioni, Suzin Sauvignon Blanc - Vinícola Suzin, Cave Pericó Brut Branco Espumante - Vinícola Pericó",Sim,Sabor 
24/08/2021 12:24:24,51 a 60 anos,Sim,Masculino,"Pós-graduação (especialização), mestrado ou doutorado",Autônomo(a),R$7.501 ou mais,3 - 5 garrafas,Médio,"Com companheiro(a), Com amigos(as)","Em casa, Casa de amigos, Restaurantes e bares, Festas","Vinícolas, Vendedores autônomos",Sim,Seco,Sempre,Raramente,Raramente,Raramente,Raramente,Muito importante,Neutro,Neutro,Muito importante,Muito importante,Muito importante,Importante,Importante,Importante,Importante,Importante,Importante,Nada importante,Nada importante,Neutro,Nada importante,Nada importante,Nada importante,"Argentina, Brasil, Portugal","Malbec, cabernet Sauvignon","Montepulciano Mastino - Vinícola Leone di Venezia, Thera Anima Rosé - Vinícola Thera, Primiero Cabernet Sauvignon - Vinícola Villaggio Bassetti, Núbio Malbec - Vinícola Sanjo, VF Rosé - Vinícola Villa Francioni",Não,Relax
24/08/2021 12:35:02,31 a 40 anos,Sim,Masculino,"Pós-graduação (especialização), mestrado ou doutorado",Autônomo(a),R$7.501 ou mais,3 - 5 garrafas,Médio,"Sozinho(a), Com companheiro(a), Com familiares, Com amigos(as)","Em casa, Casa de amigos, Casa de familiares, Restaurantes e bares","Supermercado, Lojas especializadas, Quando viajo, Vendedores autônomos",Não,Seco,Muitas vezes,Raramente,Ás vezes,Ás vezes,Raramente,Muito importante,Neutro,Neutro,Importante,Neutro,Importante,Neutro,Neutro,Muito importante,Muito importante,Importante,Importante,Nada importante,Nada importante,Pouco importante,Nada importante,Nada importante,Neutro,"Argentina, Brasil, Chile, Espanha, Itália, Portugal","Malbec, cabernet, touriga nacional, syrah ","Montepulciano Mastino - Vinícola Leone di Venezia, Thera Anima Rosé - Vinícola Thera, Primiero Cabernet Sauvignon - Vinícola Villaggio Bassetti, Núbio Malbec - Vinícola Sanjo, VF Rosé - Vinícola Villa Francioni, Suzin Sauvignon Blanc - Vinícola Suzin, Cave Pericó Brut Branco Espumante - Vinícola Pericó",Sim,Sabor
24/08/2021 13:12:09,51 a 60 anos,Sim,Feminino,"Pós-graduação (especialização), mestrado ou doutorado",Autônomo(a),R$6.501 - R$7.500,1 - 2 garrafas,Médio,Com familiares,"Em casa, Casa de amigos, Casa de familiares, Restaurantes e bares, Festas","Supermercado, Vinícolas, Internet, Lojas especializadas, Quando viajo",Sim,Seco,Muitas vezes,Ás vezes,Ás vezes,Ás vezes,Ás vezes,Muito importante,Importante,Importante,Importante,Importante,Importante,Pouco importante,Neutro,Neutro,Neutro,Importante,Importante,Neutro,Pouco importante,Importante,Pouco importante,Pouco importante,Neutro,"Argentina, Itália, França, Portugal, Uruguai",Malbec,"Montepulciano Mastino - Vinícola Leone di Venezia, Thera Anima Rosé - Vinícola Thera, Primiero Cabernet Sauvignon - Vinícola Villaggio Bassetti, Pinot Noir Cuvée de Safras - Vinícola Quinta da Neve, Núbio Malbec - Vinícola Sanjo, VF Rosé - Vinícola Villa Francioni, Suzin Sauvignon Blanc - Vinícola Suzin, Cave Pericó Brut Branco Espumante - Vinícola Pericó",Sim,Prazer
24/08/2021 13:44:45,26 a 30 anos,Sim,Masculino,"Pós-graduação (especialização), mestrado ou doutorado",Autônomo(a),Até R$2.500,1 - 2 garrafas,Baixo,"Sozinho(a), Com companheiro(a), Com familiares, Com amigos(as)","Em casa, Casa de familiares, Restaurantes e bares","Supermercado, Internet, Lojas especializadas, Vendedores autônomos",Não,Suave,Ás vezes,Ás vezes,Ás vezes,Raramente,Muitas vezes,Importante,Neutro,Muito importante,Muito importante,Pouco importante,Importante,Neutro,Pouco importante,Pouco importante,Pouco importante,Nada importante,Importante,Nada importante,Nada importante,Muito importante,Importante,Muito importante,Importante,"Argentina, Brasil, Chile, Portugal, Uruguai",merlot,"Thera Anima Rosé - Vinícola Thera, Núbio Malbec - Vinícola Sanjo, VF Rosé - Vinícola Villa Francioni",Sim,Encontro
24/08/2021 14:01:43,26 a 30 anos,Sim,Feminino,Ensino Superior em andamento,Autônomo(a),R$2.501 - R$3.500,1 - 2 garrafas,Baixo,"Com companheiro(a), Com familiares, Com amigos(as)","Casa de amigos, Casa de familiares, Restaurantes e bares, Festas",Supermercado,Não,"Seco, Suave",Ás vezes,Ás vezes,Raramente,Nunca,Ás vezes,Nada importante,Pouco importante,Pouco importante,Pouco importante,Nada importante,Pouco importante,Pouco importante,Pouco importante,Pouco importante,Pouco importante,Nada importante,Pouco importante,Pouco importante,Pouco importante,Pouco importante,Nada importante,Nada importante,Nada importante,"Argentina, Chile, Espanha, França, Portugal","Malbec, merlot, cabernet","Primiero Cabernet Sauvignon - Vinícola Villaggio Bassetti, Núbio Malbec - Vinícola Sanjo",Sim,"Sabor, frescor, aroma, boa companhia "
24/08/2021 14:07:18,Acima de 60 anos,Sim,Feminino,"Pós-graduação (especialização), mestrado ou doutorado",Autônomo(a),R$7.501 ou mais,3 - 5 garrafas,Médio,Com companheiro(a),Em casa,Lojas especializadas,Sim,Seco,Sempre,Ás vezes,Ás vezes,Muitas vezes,Raramente,Importante,Importante,Muito importante,Muito importante,Importante,Importante,Importante,Importante,Importante,Importante,Importante,Importante,Importante,Importante,Muito importante,Importante,Importante,Importante,"Argentina, Brasil, Chile, Espanha, França, Portugal",Malbec,"Montepulciano Mastino - Vinícola Leone di Venezia, Thera Anima Rosé - Vinícola Thera, Primiero Cabernet Sauvignon - Vinícola Villaggio Bassetti, Cave Pericó Brut Branco Espumante - Vinícola Pericó",Sim,Prazer 
24/08/2021 14:58:23,41 a 50 anos,Sim,Feminino,Ensino Médio,Autônomo(a),Até R$2.500,1 - 2 garrafas,Baixo,"Com companheiro(a), Com familiares","Em casa, Casa de familiares","Supermercado, Vinícolas",Não,Suave,Muitas vezes,Nunca,Muitas vezes,Nunca,Nunca,Muito importante,Pouco importante,Pouco importante,Pouco importante,Pouco importante,Pouco importante,Pouco importante,Pouco importante,Muito importante,Pouco importante,Pouco importante,Muito importante,Neutro,Neutro,Muito importante,Pouco importante,Pouco importante,Pouco importante,Brasil,Não tenho ,Pinot Noir Cuvée de Safras - Vinícola Quinta da Neve,Sim,Relaxar
25/08/2021 09:37:30,Acima de 60 anos,Sim,Masculino,"Pós-graduação (especialização), mestrado ou doutorado",Autônomo(a),R$7.501 ou mais,3 - 5 garrafas,Médio,"Com companheiro(a), Com amigos(as)","Em casa, Restaurantes e bares","Vinícolas, Internet, Lojas especializadas, Vendedores autônomos",Sim,Seco,Muitas vezes,Raramente,Ás vezes,Ás vezes,Raramente,Importante,Neutro,Neutro,Importante,Importante,Neutro,Pouco importante,Pouco importante,Pouco importante,Pouco importante,Neutro,Neutro,Neutro,Neutro,Neutro,Neutro,Importante,Neutro,"Argentina, Brasil, Chile, Uruguai","Cabernet Souvignon, Malbec, Tanat, Tempranillo, Souvignon Blanc
","Montepulciano Mastino - Vinícola Leone di Venezia, Primiero Cabernet Sauvignon - Vinícola Villaggio Bassetti, Pinot Noir Cuvée de Safras - Vinícola Quinta da Neve, Núbio Malbec - Vinícola Sanjo, Cave Pericó Brut Branco Espumante - Vinícola Pericó",Sim,Satisfação
25/08/2021 10:02:32,26 a 30 anos,Sim,Masculino,"Pós-graduação (especialização), mestrado ou doutorado",Autônomo(a),R$4.501 - R$5.500,1 - 2 garrafas,Baixo,"Sozinho(a), Com companheiro(a), Com familiares, Com amigos(as)","Em casa, Casa de amigos, Restaurantes e bares","Vinícolas, Internet, Lojas especializadas, Quando viajo",Sim,"Seco, Meio-seco",Sempre,Muitas vezes,Muitas vezes,Ás vezes,Ás vezes,Muito importante,Importante,Neutro,Importante,Nada importante,Importante,Importante,Importante,Importante,Muito importante,Neutro,Importante,Importante,Neutro,Muito importante,Nada importante,Muito importante,Neutro,"África do Sul, Argentina, Brasil, Chile",Cyrah ,Cave Pericó Brut Branco Espumante - Vinícola Pericó,Sim,Prazer
26/08/2021 00:11:19,31 a 40 anos,Sim,Feminino,"Pós-graduação (especialização), mestrado ou doutorado",Autônomo(a),R$3.501 - R$4.500,1 - 2 garrafas,Médio,"Sozinho(a), Com companheiro(a), Com familiares, Com amigos(as)","Em casa, Casa de amigos, Casa de familiares, Restaurantes e bares","Supermercado, Internet, Quando viajo",Sim,Seco,Muitas vezes,Raramente,Ás vezes,Raramente,Nunca,Importante,Importante,Pouco importante,Pouco importante,Neutro,Importante,Importante,Importante,Importante,Pouco importante,Pouco importante,Importante,Importante,Importante,Importante,Muito importante,Importante,Neutro,"África do Sul, Argentina, Chile, Estados Unidos, Itália, França, Uruguai",Merlot,VF Rosé - Vinícola Villa Francioni,Não,Brusquetas de tomate 
26/08/2021 10:41:51,41 a 50 anos,Sim,Masculino,Ensino Médio,Autônomo(a),R$2.501 - R$3.500,1 - 2 garrafas,Baixo,Com companheiro(a),Em casa,Supermercado,Não,Meio-seco,Ás vezes,Nunca,Nunca,Nunca,Nunca,Pouco importante,Neutro,Nada importante,Nada importante,Nada importante,Nada importante,Nada importante,Nada importante,Nada importante,Nada importante,Nada importante,Muito importante,Nada importante,Nada importante,Muito importante,Nada importante,Nada importante,Nada importante,Brasil,Nenhuma,Núbio Malbec - Vinícola Sanjo,Não,Relachar
26/08/2021 11:02:03,31 a 40 anos,Sim,Feminino,"Pós-graduação (especialização), mestrado ou doutorado",Autônomo(a),R$7.501 ou mais,1 - 2 garrafas,Nenhum,Com companheiro(a),Em casa,Supermercado,Não,"Meio-seco, Suave",Raramente,Ás vezes,Raramente,Ás vezes,Raramente,Pouco importante,Pouco importante,Nada importante,Nada importante,Nada importante,Nada importante,Nada importante,Nada importante,Pouco importante,Nada importante,Nada importante,Nada importante,Nada importante,Nada importante,Pouco importante,Nada importante,Nada importante,Nada importante,"Argentina, Brasil, Chile",.,"Thera Anima Rosé - Vinícola Thera, Pinot Noir Cuvée de Safras - Vinícola Quinta da Neve, Núbio Malbec - Vinícola Sanjo, VF Rosé - Vinícola Villa Francioni, Cave Pericó Brut Branco Espumante - Vinícola Pericó",Não,.
26/08/2021 11:06:13,31 a 40 anos,Sim,Feminino,"Pós-graduação (especialização), mestrado ou doutorado",Autônomo(a),R$6.501 - R$7.500,1 - 2 garrafas,Baixo,Sozinho(a),Em casa,Supermercado,Não,Suave,Ás vezes,Muitas vezes,Ás vezes,Muitas vezes,Ás vezes,Importante,Importante,Importante,Importante,Importante,Importante,Importante,Importante,Muito importante,Importante,Importante,Muito importante,Importante,Importante,Importante,Importante,Importante,Importante,"Argentina, Brasil",Todas ,"Thera Anima Rosé - Vinícola Thera, Suzin Sauvignon Blanc - Vinícola Suzin, Cave Pericó Brut Branco Espumante - Vinícola Pericó",Sim,Rosê 
26/08/2021 11:36:47,31 a 40 anos,Sim,Feminino,Ensino Superior completo,Autônomo(a),R$2.501 - R$3.500,1 - 2 garrafas,Baixo,Com familiares,Em casa,"Supermercado, Internet, Quando viajo",Não,"Meio-seco, Suave",Raramente,Nunca,Ás vezes,Ás vezes,Ás vezes,Nada importante,Nada importante,Nada importante,Nada importante,Nada importante,Nada importante,Nada importante,Nada importante,Nada importante,Nada importante,Nada importante,Pouco importante,Nada importante,Nada importante,Pouco importante,Nada importante,Nada importante,Nada importante,"Argentina, Brasil, Chile, Espanha, Itália",Malbec,"Pinot Noir Cuvée de Safras - Vinícola Quinta da Neve, Núbio Malbec - Vinícola Sanjo, Cave Pericó Brut Branco Espumante - Vinícola Pericó",Sim,Prazer 
26/08/2021 12:04:23,31 a 40 anos,Sim,Feminino,"Pós-graduação (especialização), mestrado ou doutorado",Autônomo(a),R$7.501 ou mais,3 - 5 garrafas,Médio,"Com companheiro(a), Com familiares, Com amigos(as)","Em casa, Casa de amigos, Casa de familiares, Restaurantes e bares","Supermercado, Vinícolas, Vendedores autônomos",Não,"Seco, Meio-seco",Sempre,Muitas vezes,Raramente,Raramente,Raramente,Muito importante,Neutro,Importante,Importante,Nada importante,Muito importante,Importante,Importante,Muito importante,Neutro,Pouco importante,Importante,Muito importante,Pouco importante,Muito importante,Muito importante,Muito importante,Muito importante,"Argentina, Brasil, Chile, Espanha, Itália, França, Portugal, Uruguai",malbec,"Thera Anima Rosé - Vinícola Thera, Pinot Noir Cuvée de Safras - Vinícola Quinta da Neve, VF Rosé - Vinícola Villa Francioni, Suzin Sauvignon Blanc - Vinícola Suzin, Cave Pericó Brut Branco Espumante - Vinícola Pericó",Sim,sabor
26/08/2021 12:27:00,26 a 30 anos,Sim,Feminino,"Pós-graduação (especialização), mestrado ou doutorado",Autônomo(a),Até R$2.500,3 - 5 garrafas,Médio,Com companheiro(a),Em casa,Supermercado,Sim,Seco,Sempre,Ás vezes,Raramente,Raramente,Ás vezes,Muito importante,Importante,Importante,Importante,Neutro,Neutro,Importante,Importante,Importante,Neutro,Neutro,Importante,Importante,Importante,Muito importante,Neutro,Neutro,Neutro,Chile,Cabernet Sauvignon e Merlot ,"Montepulciano Mastino - Vinícola Leone di Venezia, Thera Anima Rosé - Vinícola Thera, Núbio Malbec - Vinícola Sanjo",Não,Encantada 
23/08/2021 13:20:23,26 a 30 anos,Sim,Feminino,Ensino Superior completo,Desempregado(a),R$7.501 ou mais,1 - 2 garrafas,Baixo,Com amigos(as),"Em casa, Casa de amigos","Supermercado, Internet, Quando viajo",Não,"Meio-seco, Suave",Nunca,Raramente,Nunca,Raramente,Nunca,Pouco importante,Nada importante,Pouco importante,Pouco importante,Pouco importante,Pouco importante,Neutro,Pouco importante,Neutro,Neutro,Pouco importante,Importante,Pouco importante,Nada importante,Muito importante,Nada importante,Nada importante,Muito importante,"Argentina, Brasil, Chile, Itália, França, Portugal, Uruguai",Cabernet,VF Rosé - Vinícola Villa Francioni,Sim,Suavidade 
24/08/2021 15:26:08,31 a 40 anos,Sim,Feminino,Ensino Superior completo,Desempregado(a),Até R$2.500,1 - 2 garrafas,Nenhum,"Sozinho(a), Com companheiro(a), Com familiares, Com amigos(as)","Em casa, Casa de amigos, Casa de familiares",Supermercado,Não,"Seco, Suave",Sempre,Nunca,Nunca,Ás vezes,Ás vezes,Importante,Importante,Neutro,Neutro,Neutro,Neutro,Importante,Importante,Importante,Importante,Importante,Neutro,Neutro,Neutro,Importante,Neutro,Neutro,Neutro,"Brasil, Itália",Cabernet e ZANLORENZI,Primiero Cabernet Sauvignon - Vinícola Villaggio Bassetti,Não,"Vida é a boa, mas melhor é o VINHO"
24/08/2021 11:07:23,31 a 40 anos,Sim,Masculino,"Pós-graduação (especialização), mestrado ou doutorado",Empreendedor,R$3.501 - R$4.500,1 - 2 garrafas,Baixo,"Sozinho(a), Com companheiro(a), Com familiares, Com amigos(as)","Em casa, Casa de amigos, Casa de familiares, Restaurantes e bares","Supermercado, Internet, Quando viajo",Não,Seco,Muitas vezes,Raramente,Raramente,Ás vezes,Ás vezes,Muito importante,Neutro,Neutro,Importante,Nada importante,Muito importante,Nada importante,Neutro,Pouco importante,Neutro,Pouco importante,Muito importante,Nada importante,Nada importante,Muito importante,Neutro,Neutro,Nada importante,"África do Sul, Brasil, Chile, Espanha, França, Portugal, Uruguai",cabernet sauvignon e syrah,"Montepulciano Mastino - Vinícola Leone di Venezia, Núbio Malbec - Vinícola Sanjo, VF Rosé - Vinícola Villa Francioni, Cave Pericó Brut Branco Espumante - Vinícola Pericó",Sim,"ansioso para sentir sabor de carvalho, madeiras em geral"
24/08/2021 11:11:11,31 a 40 anos,Sim,Masculino,"Pós-graduação (especialização), mestrado ou doutorado",Empreendedor,Até R$2.500,6 - 10 garrafas,Médio,"Sozinho(a), Com companheiro(a), Com familiares, Com amigos(as)","Em casa, Casa de amigos, Casa de familiares, Restaurantes e bares","Supermercado, Vinícolas, Lojas especializadas, Quando viajo",Não,Seco,Sempre,Raramente,Ás vezes,Raramente,Raramente,Muito importante,Importante,Neutro,Neutro,Neutro,Importante,Neutro,Importante,Neutro,Neutro,Neutro,Neutro,Neutro,Neutro,Muito importante,Neutro,Neutro,Neutro,"Argentina, Brasil, Chile, Itália, França","Montepulciano, Sangiovese, Primitivo, Refosco Dal Peduncolo Rosso, Aglianico, Cabernet Sauvignon, Merlot, Carménère, Malbec","Montepulciano Mastino - Vinícola Leone di Venezia, Thera Anima Rosé - Vinícola Thera, Primiero Cabernet Sauvignon - Vinícola Villaggio Bassetti, Pinot Noir Cuvée de Safras - Vinícola Quinta da Neve, Núbio Malbec - Vinícola Sanjo, VF Rosé - Vinícola Villa Francioni, Suzin Sauvignon Blanc - Vinícola Suzin, Cave Pericó Brut Branco Espumante - Vinícola Pericó",Sim,Queijo
23/08/2021 13:23:44,41 a 50 anos,Sim,Masculino,"Pós-graduação (especialização), mestrado ou doutorado",Empregado(a) por conta de outrem,R$7.501 ou mais,3 - 5 garrafas,Baixo,"Com companheiro(a), Com familiares, Com amigos(as)","Em casa, Casa de amigos, Casa de familiares, Festas","Supermercado, Internet, Lojas especializadas",Sim,Seco,Sempre,Ás vezes,Ás vezes,Ás vezes,Nunca,Muito importante,Importante,Importante,Importante,Neutro,Muito importante,Pouco importante,Pouco importante,Pouco importante,Neutro,Neutro,Importante,Nada importante,Nada importante,Importante,Neutro,Neutro,Neutro,"Argentina, Chile",Malbec,Montepulciano Mastino - Vinícola Leone di Venezia,Sim,Malbec
23/08/2021 13:31:03,21 a 25  anos,Sim,Feminino,"Pós-graduação (especialização), mestrado ou doutorado",Empregado(a) por conta de outrem,Até R$2.500,3 - 5 garrafas,Baixo,Com amigos(as),Casa de amigos,Supermercado,Não,Seco,Muitas vezes,Ás vezes,Ás vezes,Ás vezes,Raramente,Importante,Neutro,Neutro,Importante,Muito importante,Neutro,Pouco importante,Pouco importante,Muito importante,Nada importante,Pouco importante,Neutro,Muito importante,Importante,Muito importante,Muito importante,Neutro,Neutro,"África do Sul, Brasil, Chile, Itália, Portugal, Uruguai","Cabernet Sauvignon, Merlot,  Chardonnay, Malbec, Moscato","Pinot Noir Cuvée de Safras - Vinícola Quinta da Neve, Núbio Malbec - Vinícola Sanjo, VF Rosé - Vinícola Villa Francioni, Cave Pericó Brut Branco Espumante - Vinícola Pericó",Sim,Rose 
23/08/2021 13:42:28,41 a 50 anos,Sim,Feminino,Ensino Superior completo,Empregado(a) por conta de outrem,R$3.501 - R$4.500,1 - 2 garrafas,Médio,"Sozinho(a), Com familiares, Com amigos(as)","Em casa, Restaurantes e bares","Supermercado, Vinícolas, Lojas especializadas",Não,Meio-seco,Ás vezes,Raramente,Ás vezes,Ás vezes,Ás vezes,Muito importante,Muito importante,Muito importante,Muito importante,Muito importante,Muito importante,Muito importante,Muito importante,Muito importante,Muito importante,Muito importante,Neutro,Muito importante,Nada importante,Importante,Nada importante,Nada importante,Muito importante,"Argentina, Chile, Portugal, Uruguai",Merlot,"Thera Anima Rosé - Vinícola Thera, Pinot Noir Cuvée de Safras - Vinícola Quinta da Neve, Núbio Malbec - Vinícola Sanjo, VF Rosé - Vinícola Villa Francioni, Cave Pericó Brut Branco Espumante - Vinícola Pericó",Sim,O aroma... O sabor
23/08/2021 13:48:05,41 a 50 anos,Sim,Masculino,"Pós-graduação (especialização), mestrado ou doutorado",Empregado(a) por conta de outrem,R$7.501 ou mais,3 - 5 garrafas,Médio,"Com companheiro(a), Com amigos(as)","Em casa, Restaurantes e bares","Supermercado, Internet",Não,Seco,Muitas vezes,Ás vezes,Raramente,Muitas vezes,Muitas vezes,Muito importante,Muito importante,Importante,Importante,Importante,Muito importante,Muito importante,Muito importante,Muito importante,Pouco importante,Pouco importante,Importante,Importante,Pouco importante,Neutro,Importante,Importante,Importante,"Brasil, Chile",Cabernet,"Thera Anima Rosé - Vinícola Thera, Pinot Noir Cuvée de Safras - Vinícola Quinta da Neve, VF Rosé - Vinícola Villa Francioni, Suzin Sauvignon Blanc - Vinícola Suzin, Cave Pericó Brut Branco Espumante - Vinícola Pericó",Sim,Chocolate
23/08/2021 13:56:47,31 a 40 anos,Sim,Feminino,"Pós-graduação (especialização), mestrado ou doutorado",Empregado(a) por conta de outrem,R$2.501 - R$3.500,1 - 2 garrafas,Baixo,"Com companheiro(a), Com amigos(as)","Em casa, Restaurantes e bares","Lojas especializadas, Quando viajo",Não,Seco,Ás vezes,Raramente,Raramente,Raramente,Raramente,Pouco importante,Pouco importante,Pouco importante,Pouco importante,Pouco importante,Pouco importante,Pouco importante,Pouco importante,Pouco importante,Pouco importante,Nada importante,Pouco importante,Nada importante,Pouco importante,Nada importante,Nada importante,Nada importante,Nada importante,"Brasil, Chile",Carbenet sauvignon,"VF Rosé - Vinícola Villa Francioni, Cave Pericó Brut Branco Espumante - Vinícola Pericó",Sim,Sabor 
23/08/2021 14:18:30,31 a 40 anos,Sim,Masculino,"Pós-graduação (especialização), mestrado ou doutorado",Empregado(a) por conta de outrem,R$4.501 - R$5.500,1 - 2 garrafas,Baixo,Com familiares,Em casa,Supermercado,Não,"Seco, Suave",Muitas vezes,Nunca,Nunca,Nunca,Nunca,Importante,Importante,Neutro,Pouco importante,Importante,Neutro,Neutro,Neutro,Neutro,Pouco importante,Pouco importante,Importante,Importante,Neutro,Importante,Neutro,Neutro,Muito importante,"Brasil, Chile",... ,"Núbio Malbec - Vinícola Sanjo, VF Rosé - Vinícola Villa Francioni",Não,.... 
23/08/2021 17:44:47,26 a 30 anos,Sim,Masculino,"Pós-graduação (especialização), mestrado ou doutorado",Empregado(a) por conta de outrem,R$5.501 - R$6.500,1 - 2 garrafas,Baixo,Com companheiro(a),Em casa,Vinícolas,Não,Seco,Ás vezes,Nunca,Ás vezes,Raramente,Raramente,Muito importante,Muito importante,Muito importante,Muito importante,Muito importante,Muito importante,Muito importante,Muito importante,Muito importante,Muito importante,Muito importante,Muito importante,Muito importante,Muito importante,Muito importante,Muito importante,Muito importante,Muito importante,"Argentina, Chile",Todas ,"Núbio Malbec - Vinícola Sanjo, Suzin Sauvignon Blanc - Vinícola Suzin, Cave Pericó Brut Branco Espumante - Vinícola Pericó",Sim,Bem estar 
23/08/2021 17:54:04,26 a 30 anos,Sim,Feminino,"Pós-graduação (especialização), mestrado ou doutorado",Empregado(a) por conta de outrem,R$3.501 - R$4.500,1 - 2 garrafas,Baixo,"Sozinho(a), Com familiares, Com amigos(as)","Em casa, Casa de amigos, Casa de familiares, Restaurantes e bares","Supermercado, Vendedores autônomos",Não,Seco,Sempre,Nunca,Nunca,Nunca,Ás vezes,Muito importante,Importante,Importante,Importante,Neutro,Importante,Muito importante,Neutro,Importante,Importante,Importante,Importante,Neutro,Neutro,Importante,Pouco importante,Pouco importante,Neutro,"Argentina, Brasil, Chile, Portugal","Malbec, Cabernet","Núbio Malbec - Vinícola Sanjo, VF Rosé - Vinícola Villa Francioni",Sim,Seco
23/08/2021 18:07:03,Acima de 60 anos,Sim,Feminino,"Pós-graduação (especialização), mestrado ou doutorado",Empregado(a) por conta de outrem,R$7.501 ou mais,6 - 10 garrafas,Baixo,Com companheiro(a),Em casa,Supermercado,Não,Seco,Muitas vezes,Ás vezes,Ás vezes,Ás vezes,Raramente,Neutro,Neutro,Neutro,Neutro,Neutro,Neutro,Muito importante,Neutro,Muito importante,Muito importante,Neutro,Neutro,Nada importante,Neutro,Importante,Nada importante,Nada importante,Nada importante,"África do Sul, Brasil, Chile, Espanha, Itália",Cabernet Sauvignon ,"VF Rosé - Vinícola Villa Francioni, Suzin Sauvignon Blanc - Vinícola Suzin",Sim,Relaxar
23/08/2021 18:13:31,51 a 60 anos,Sim,Masculino,"Pós-graduação (especialização), mestrado ou doutorado",Empregado(a) por conta de outrem,R$7.501 ou mais,3 - 5 garrafas,Baixo,Com familiares,Em casa,Supermercado,Não,Seco,Muitas vezes,Raramente,Muitas vezes,Raramente,Raramente,Importante,Neutro,Neutro,Neutro,Neutro,Importante,Importante,Importante,Importante,Importante,Importante,Muito importante,Importante,Pouco importante,Muito importante,Muito importante,Neutro,Importante,"Argentina, Brasil, Portugal",Merlot e regionais,"Núbio Malbec - Vinícola Sanjo, Suzin Sauvignon Blanc - Vinícola Suzin",Sim,Pare que tem disso
23/08/2021 18:20:38,31 a 40 anos,Sim,Feminino,"Pós-graduação (especialização), mestrado ou doutorado",Empregado(a) por conta de outrem,R$7.501 ou mais,3 - 5 garrafas,Baixo,"Com companheiro(a), Com amigos(as)","Em casa, Casa de amigos, Casa de familiares, Restaurantes e bares","Vinícolas, Lojas especializadas, Vendedores autônomos",Não,Seco,Muitas vezes,Muitas vezes,Muitas vezes,Muitas vezes,Ás vezes,Muito importante,Muito importante,Muito importante,Muito importante,Muito importante,Muito importante,Muito importante,Muito importante,Muito importante,Muito importante,Importante,Muito importante,Importante,Importante,Importante,Importante,Importante,Muito importante,"Argentina, Chile, Portugal, Uruguai",Cabernet sauvignon ,"Thera Anima Rosé - Vinícola Thera, Núbio Malbec - Vinícola Sanjo, VF Rosé - Vinícola Villa Francioni, Suzin Sauvignon Blanc - Vinícola Suzin, Cave Pericó Brut Branco Espumante - Vinícola Pericó",Sim,Brinde
23/08/2021 18:28:00,31 a 40 anos,Sim,Feminino,"Pós-graduação (especialização), mestrado ou doutorado",Empregado(a) por conta de outrem,R$5.501 - R$6.500,1 - 2 garrafas,Baixo,Com companheiro(a),Em casa,Supermercado,Não,Seco,Ás vezes,Raramente,Raramente,Raramente,Nunca,Muito importante,Muito importante,Importante,Nada importante,Neutro,Neutro,Muito importante,Neutro,Muito importante,Muito importante,Muito importante,Muito importante,Muito importante,Muito importante,Muito importante,Neutro,Neutro,Muito importante,"Argentina, Brasil, Chile",Carmenere e cabernet Sauvignon,VF Rosé - Vinícola Villa Francioni,Sim,Vinícolas Catarinenses 
23/08/2021 20:45:30,41 a 50 anos,Sim,Masculino,"Pós-graduação (especialização), mestrado ou doutorado",Empregado(a) por conta de outrem,R$3.501 - R$4.500,6 - 10 garrafas,Médio,"Com companheiro(a), Com familiares, Com amigos(as)","Em casa, Casa de amigos, Casa de familiares, Restaurantes e bares","Supermercado, Internet, Lojas especializadas",Não,"Seco, Meio-seco",Sempre,Raramente,Raramente,Ás vezes,Raramente,Muito importante,Muito importante,Muito importante,Muito importante,Nada importante,Muito importante,Neutro,Neutro,Neutro,Muito importante,Neutro,Pouco importante,Pouco importante,Pouco importante,Pouco importante,Pouco importante,Pouco importante,Pouco importante,"Argentina, Brasil, Chile, Espanha","Malbec, Caberne","Primiero Cabernet Sauvignon - Vinícola Villaggio Bassetti, Núbio Malbec - Vinícola Sanjo, VF Rosé - Vinícola Villa Francioni",Sim,Amigos
23/08/2021 20:45:46,31 a 40 anos,Sim,Masculino,Ensino Médio,Empregado(a) por conta de outrem,R$2.501 - R$3.500,6 - 10 garrafas,Baixo,"Sozinho(a), Com familiares",Em casa,Supermercado,Não,Seco,Sempre,Raramente,Raramente,Raramente,Ás vezes,Importante,Importante,Importante,Muito importante,Importante,Importante,Muito importante,Muito importante,Muito importante,Importante,Muito importante,Muito importante,Importante,Importante,Muito importante,Importante,Importante,Importante,"Chile, Portugal, Uruguai",Cabernet,"Núbio Malbec - Vinícola Sanjo, VF Rosé - Vinícola Villa Francioni",Não,Cabernet
24/08/2021 09:53:15,51 a 60 anos,Sim,Masculino,Ensino Superior em andamento,Empregado(a) por conta de outrem,R$2.501 - R$3.500,3 - 5 garrafas,Médio,"Com familiares, Com amigos(as)","Em casa, Casa de amigos","Supermercado, Lojas especializadas, Quando viajo",Sim,Seco,Sempre,Raramente,Sempre,Ás vezes,Ás vezes,Muito importante,Importante,Importante,Muito importante,Muito importante,Importante,Muito importante,Importante,Muito importante,Importante,Muito importante,Importante,Pouco importante,Pouco importante,Muito importante,Importante,Importante,Importante,"Argentina, Brasil, Chile, Espanha, Portugal, Uruguai","Malbec, chardonay, sauvignon blanc, pinot ...","Primiero Cabernet Sauvignon - Vinícola Villaggio Bassetti, Suzin Sauvignon Blanc - Vinícola Suzin",Sim,Qualidade
24/08/2021 12:49:51,21 a 25  anos,Sim,Masculino,Ensino Superior em andamento,Empregado(a) por conta de outrem,R$2.501 - R$3.500,1 - 2 garrafas,Baixo,"Com companheiro(a), Com familiares",Em casa,Supermercado,Não,"Seco, Meio-seco, Suave",Muitas vezes,Raramente,Ás vezes,Raramente,Nunca,Muito importante,Importante,Pouco importante,Pouco importante,Importante,Nada importante,Pouco importante,Nada importante,Importante,Pouco importante,Pouco importante,Importante,Neutro,Nada importante,Neutro,Nada importante,Nada importante,Nada importante,Brasil,Não sei,Primiero Cabernet Sauvignon - Vinícola Villaggio Bassetti,Não,SABOROSO!
24/08/2021 12:58:27,21 a 25  anos,Sim,Feminino,Ensino Superior em andamento,Empregado(a) por conta de outrem,Até R$2.500,1 - 2 garrafas,Nenhum,"Sozinho(a), Com companheiro(a), Com familiares","Em casa, Casa de amigos, Casa de familiares","Supermercado, Internet",Não,"Meio-seco, Suave",Sempre,Muitas vezes,Raramente,Ás vezes,Nunca,Muito importante,Pouco importante,Pouco importante,Pouco importante,Neutro,Nada importante,Neutro,Nada importante,Muito importante,Nada importante,Nada importante,Muito importante,Neutro,Importante,Muito importante,Nada importante,Neutro,Muito importante,"Brasil, França, Portugal",Não entendo suficiente para responder,"Primiero Cabernet Sauvignon - Vinícola Villaggio Bassetti, Pinot Noir Cuvée de Safras - Vinícola Quinta da Neve",Não,Suave
24/08/2021 13:03:09,21 a 25  anos,Sim,Feminino,Ensino Superior em andamento,Empregado(a) por conta de outrem,Até R$2.500,1 - 2 garrafas,Baixo,"Com companheiro(a), Com familiares, Com amigos(as)","Em casa, Casa de amigos, Casa de familiares, Restaurantes e bares, Festas","Supermercado, Internet",Não,"Meio-seco, Suave",Raramente,Ás vezes,Raramente,Ás vezes,Ás vezes,Importante,Pouco importante,Nada importante,Nada importante,Importante,Nada importante,Pouco importante,Pouco importante,Muito importante,Pouco importante,Pouco importante,Importante,Importante,Nada importante,Muito importante,Nada importante,Pouco importante,Muito importante,"Argentina, Brasil, Chile, Itália, França, Portugal, Uruguai",Não tenho preferência,"Montepulciano Mastino - Vinícola Leone di Venezia, Primiero Cabernet Sauvignon - Vinícola Villaggio Bassetti, Núbio Malbec - Vinícola Sanjo, VF Rosé - Vinícola Villa Francioni",Sim,Frio
24/08/2021 18:25:45,26 a 30 anos,Sim,Feminino,"Pós-graduação (especialização), mestrado ou doutorado",Empregado(a) por conta de outrem,R$3.501 - R$4.500,3 - 5 garrafas,Alto,"Sozinho(a), Com companheiro(a), Com familiares, Com amigos(as)","Em casa, Casa de amigos, Casa de familiares, Restaurantes e bares, Festas, Sempre que der","Supermercado, Vinícolas, Internet, Quando viajo",Não,Seco,Sempre,Raramente,Ás vezes,Ás vezes,Nunca,Muito importante,Muito importante,Muito importante,Muito importante,Muito importante,Importante,Muito importante,Muito importante,Muito importante,Neutro,Neutro,Importante,Neutro,Nada importante,Importante,Neutro,Neutro,Pouco importante,"Argentina, Brasil, Chile, Espanha, Itália, França, Portugal, Uruguai","Cortes de carbenet, Merlot, marselan","Montepulciano Mastino - Vinícola Leone di Venezia, Thera Anima Rosé - Vinícola Thera, Núbio Malbec - Vinícola Sanjo, VF Rosé - Vinícola Villa Francioni, Suzin Sauvignon Blanc - Vinícola Suzin",Sim,Relaxar
24/08/2021 18:42:28,31 a 40 anos,Sim,Masculino,"Pós-graduação (especialização), mestrado ou doutorado",Empregado(a) por conta de outrem,R$5.501 - R$6.500,3 - 5 garrafas,Médio,Com familiares,"Em casa, Casa de amigos, Casa de familiares","Supermercado, Lojas especializadas, Quando viajo",Não,Seco,Sempre,Raramente,Raramente,Raramente,Nunca,Muito importante,Muito importante,Muito importante,Pouco importante,Neutro,Pouco importante,Pouco importante,Nada importante,Neutro,Nada importante,Pouco importante,Neutro,Nada importante,Nada importante,Pouco importante,Pouco importante,Nada importante,Pouco importante,"Argentina, Brasil, Chile, Uruguai","Cabernet Sauvignon, Merlo, Malbec e um bom Bordo (vinho de tomar uma taça por dia)","Núbio Malbec - Vinícola Sanjo, VF Rosé - Vinícola Villa Francioni, Suzin Sauvignon Blanc - Vinícola Suzin",Sim,Merlo 
24/08/2021 19:07:47,31 a 40 anos,Sim,Masculino,"Pós-graduação (especialização), mestrado ou doutorado",Empregado(a) por conta de outrem,R$7.501 ou mais,3 - 5 garrafas,Baixo,Com companheiro(a),Em casa,Supermercado,Não,Seco,Muitas vezes,Raramente,Raramente,Raramente,Raramente,Neutro,Pouco importante,Importante,Neutro,Pouco importante,Neutro,Pouco importante,Pouco importante,Importante,Pouco importante,Pouco importante,Muito importante,Neutro,Nada importante,Importante,Muito importante,Nada importante,Pouco importante,"Brasil, Chile, Itália, Portugal","Merlot, Tannat, Carmenere","Núbio Malbec - Vinícola Sanjo, VF Rosé - Vinícola Villa Francioni, Suzin Sauvignon Blanc - Vinícola Suzin",Não,Descansar
24/08/2021 20:47:40,26 a 30 anos,Sim,Feminino,Ensino Médio,Empregado(a) por conta de outrem,Até R$2.500,1 - 2 garrafas,Baixo,"Sozinho(a), Com companheiro(a), Com amigos(as)","Em casa, Casa de amigos",Supermercado,Não,Suave,Sempre,Nunca,Nunca,Nunca,Nunca,Muito importante,Muito importante,Importante,Importante,Pouco importante,Neutro,Neutro,Pouco importante,Importante,Nada importante,Nada importante,Importante,Nada importante,Nada importante,Nada importante,Nada importante,Nada importante,Nada importante,Brasil,Uva,"Núbio Malbec - Vinícola Sanjo, VF Rosé - Vinícola Villa Francioni, Cave Pericó Brut Branco Espumante - Vinícola Pericó",Não,Tranquilidade 
24/08/2021 21:41:55,31 a 40 anos,Sim,Feminino,"Pós-graduação (especialização), mestrado ou doutorado",Empregado(a) por conta de outrem,R$3.501 - R$4.500,1 - 2 garrafas,Baixo,Com companheiro(a),Em casa,Supermercado,Não,Suave,Raramente,Raramente,Raramente,Ás vezes,Raramente,Nada importante,Nada importante,Nada importante,Nada importante,Nada importante,Nada importante,Nada importante,Nada importante,Pouco importante,Nada importante,Nada importante,Nada importante,Nada importante,Pouco importante,Pouco importante,Nada importante,Nada importante,Nada importante,"Brasil, Itália",Não tem uma em especifico,Cave Pericó Brut Branco Espumante - Vinícola Pericó,Sim,Um espumante
26/08/2021 09:31:09,26 a 30 anos,Sim,Feminino,Ensino Superior completo,Empregado(a) por conta de outrem,Até R$2.500,1 - 2 garrafas,Médio,Com familiares,Em casa,"Vinícolas, Internet, Lojas especializadas",Não,Seco,Muitas vezes,Muitas vezes,Muitas vezes,Muitas vezes,Ás vezes,Importante,Importante,Neutro,Importante,Neutro,Neutro,Neutro,Neutro,Importante,Neutro,Neutro,Importante,Importante,Neutro,Importante,Neutro,Importante,Importante,"Argentina, Brasil, França, Portugal","Sauvignon Blanc, Alvarinho e Pinot Noir","Montepulciano Mastino - Vinícola Leone di Venezia, Thera Anima Rosé - Vinícola Thera, Primiero Cabernet Sauvignon - Vinícola Villaggio Bassetti, Pinot Noir Cuvée de Safras - Vinícola Quinta da Neve, Núbio Malbec - Vinícola Sanjo, VF Rosé - Vinícola Villa Francioni, Suzin Sauvignon Blanc - Vinícola Suzin, Cave Pericó Brut Branco Espumante - Vinícola Pericó",Sim,Aroma
26/08/2021 10:41:47,31 a 40 anos,Sim,Feminino,Ensino Superior completo,Empregado(a) por conta de outrem,R$3.501 - R$4.500,6 - 10 garrafas,Baixo,"Sozinho(a), Com companheiro(a), Com familiares, Com amigos(as)","Em casa, Casa de amigos, Casa de familiares, Restaurantes e bares","Supermercado, Internet",Não,"Seco, Suave",Muitas vezes,Raramente,Ás vezes,Ás vezes,Ás vezes,Muito importante,Neutro,Nada importante,Neutro,Importante,Neutro,Muito importante,Importante,Importante,Neutro,Importante,Importante,Neutro,Nada importante,Muito importante,Neutro,Neutro,Neutro,"Argentina, Chile, Espanha, Itália, França, Portugal, Uruguai","Cabernet Sauvignon, Merlot, Malbec, Carménère, Chardonnay",Núbio Malbec - Vinícola Sanjo,Sim,Relaxar
26/08/2021 10:52:57,31 a 40 anos,Sim,Feminino,"Pós-graduação (especialização), mestrado ou doutorado",Empregado(a) por conta de outrem,R$2.501 - R$3.500,1 - 2 garrafas,Baixo,"Com companheiro(a), Com amigos(as)",Em casa,Supermercado,Não,"Seco, Meio-seco",Sempre,Ás vezes,Raramente,Raramente,Raramente,Pouco importante,Importante,Importante,Importante,Importante,Importante,Neutro,Importante,Neutro,Neutro,Neutro,Importante,Importante,Neutro,Muito importante,Muito importante,Importante,Importante,"Argentina, Brasil, Chile, França, Portugal",Cabernet Sauvignon,"Primiero Cabernet Sauvignon - Vinícola Villaggio Bassetti, Cave Pericó Brut Branco Espumante - Vinícola Pericó",Sim,"Saborear, confraternizar"
23/08/2021 21:53:22,31 a 40 anos,Sim,Masculino,"Pós-graduação (especialização), mestrado ou doutorado",Empresário,R$5.501 - R$6.500,1 - 2 garrafas,Baixo,"Com companheiro(a), Com familiares","Em casa, Casa de amigos","Supermercado, Vinícolas",Não,"Meio-seco, Suave",Muitas vezes,Muitas vezes,Ás vezes,Muitas vezes,Muitas vezes,Importante,Importante,Pouco importante,Pouco importante,Neutro,Pouco importante,Pouco importante,Pouco importante,Importante,Pouco importante,Pouco importante,Importante,Neutro,Pouco importante,Importante,Importante,Neutro,Neutro,Brasil,Niagara,"Thera Anima Rosé - Vinícola Thera, VF Rosé - Vinícola Villa Francioni, Cave Pericó Brut Branco Espumante - Vinícola Pericó",Sim,Casa do vinho
23/08/2021 21:34:51,31 a 40 anos,Sim,Masculino,Ensino Superior completo,Empresário,R$4.501 - R$5.500,1 - 2 garrafas,Baixo,Com companheiro(a),Em casa,"Supermercado, Quando viajo",Não,Seco,Sempre,Raramente,Raramente,Ás vezes,Muitas vezes,Importante,Pouco importante,Pouco importante,Pouco importante,Pouco importante,Pouco importante,Muito importante,Importante,Muito importante,Neutro,Nada importante,Importante,Importante,Muito importante,Neutro,Nada importante,Nada importante,Nada importante,"Brasil, Chile",Cabernet Sauvignon ou Merlot,"Núbio Malbec - Vinícola Sanjo, VF Rosé - Vinícola Villa Francioni, Cave Pericó Brut Branco Espumante - Vinícola Pericó",Não,Jantar
23/08/2021 22:18:20,51 a 60 anos,Sim,Masculino,Ensino Superior completo,Empresário,R$7.501 ou mais,1 - 2 garrafas,Baixo,Com familiares,Em casa,Supermercado,Não,"Meio-seco, Suave",Ás vezes,Raramente,Raramente,Raramente,Raramente,Importante,Importante,Neutro,Importante,Importante,Neutro,Importante,Importante,Muito importante,Muito importante,Importante,Muito importante,Importante,Neutro,Muito importante,Importante,Importante,Muito importante,"Brasil, Chile, Itália, Uruguai",Cabernet suvignon,"Núbio Malbec - Vinícola Sanjo, VF Rosé - Vinícola Villa Francioni, Suzin Sauvignon Blanc - Vinícola Suzin, Cave Pericó Brut Branco Espumante - Vinícola Pericó",Não,Comemoração
24/08/2021 11:22:41,31 a 40 anos,Sim,Masculino,"Pós-graduação (especialização), mestrado ou doutorado",Empresário,R$3.501 - R$4.500,3 - 5 garrafas,Baixo,Com companheiro(a),"Em casa, Restaurantes e bares",Supermercado,Não,Seco,Sempre,Nunca,Nunca,Raramente,Nunca,Muito importante,Pouco importante,Pouco importante,Pouco importante,Importante,Nada importante,Neutro,Neutro,Neutro,Neutro,Neutro,Neutro,Pouco importante,Pouco importante,Pouco importante,Pouco importante,Nada importante,Nada importante,Chile,merlot,"VF Rosé - Vinícola Villa Francioni, Cave Pericó Brut Branco Espumante - Vinícola Pericó",Sim,sabor
26/08/2021 10:47:45,31 a 40 anos,Sim,Masculino,"Pós-graduação (especialização), mestrado ou doutorado",Empresário,R$5.501 - R$6.500,1 - 2 garrafas,Baixo,Com companheiro(a),"Em casa, Casa de amigos, Restaurantes e bares","Supermercado, Internet",Não,Seco,Muitas vezes,Raramente,Ás vezes,Ás vezes,Raramente,Neutro,Importante,Nada importante,Nada importante,Nada importante,Nada importante,Importante,Neutro,Importante,Pouco importante,Pouco importante,Muito importante,Importante,Neutro,Muito importante,Nada importante,Pouco importante,Nada importante,"África do Sul, Argentina, Chile, Estados Unidos, França",não sei opinar,"Núbio Malbec - Vinícola Sanjo, VF Rosé - Vinícola Villa Francioni, Cave Pericó Brut Branco Espumante - Vinícola Pericó",Sim,Jantar
26/08/2021 06:49:17,31 a 40 anos,Sim,Masculino,"Pós-graduação (especialização), mestrado ou doutorado",Empresário ,R$5.501 - R$6.500,3 - 5 garrafas,Médio,Com companheiro(a),"Em casa, Restaurantes e bares","Supermercado, Vinícolas, Internet, Lojas especializadas, Quando viajo",Não,Seco,Sempre,Ás vezes,Raramente,Raramente,Nunca,Muito importante,Neutro,Importante,Importante,Neutro,Importante,Muito importante,Neutro,Muito importante,Importante,Importante,Muito importante,Importante,Neutro,Muito importante,Neutro,Importante,Neutro,"Argentina, Brasil, Chile, Portugal",Merlot,"Thera Anima Rosé - Vinícola Thera, Núbio Malbec - Vinícola Sanjo, VF Rosé - Vinícola Villa Francioni, Suzin Sauvignon Blanc - Vinícola Suzin",Sim,Tinto
26/08/2021 10:42:44,51 a 60 anos,Sim,Masculino,"Pós-graduação (especialização), mestrado ou doutorado",Empresário ,R$7.501 ou mais,1 - 2 garrafas,Médio,Com familiares,"Em casa, Restaurantes e bares","Supermercado, Lojas especializadas",Não,"Seco, Suave",Muitas vezes,Nunca,Ás vezes,Nunca,Raramente,Muito importante,Muito importante,Neutro,Neutro,Neutro,Neutro,Neutro,Neutro,Importante,Pouco importante,Pouco importante,Neutro,Pouco importante,Pouco importante,Neutro,Neutro,Neutro,Importante,"Argentina, Brasil, Chile, Itália, França","Escolho a marca do vinho, não pela uva!","Pinot Noir Cuvée de Safras - Vinícola Quinta da Neve, Núbio Malbec - Vinícola Sanjo, VF Rosé - Vinícola Villa Francioni, Suzin Sauvignon Blanc - Vinícola Suzin",Sim,QUEIJO PARMESÃO 
23/08/2021 13:31:17,31 a 40 anos,Sim,Feminino,Ensino Superior em andamento,Estudante,R$7.501 ou mais,11 - 15 garrafas,Baixo,"Sozinho(a), Com companheiro(a), Com familiares, Com amigos(as)","Em casa, Casa de familiares, Restaurantes e bares, Festas","Internet, Vendedores autônomos",Sim,Seco,Sempre,Ás vezes,Ás vezes,Muitas vezes,Nunca,Muito importante,Importante,Importante,Importante,Neutro,Muito importante,Importante,Muito importante,Importante,Neutro,Importante,Importante,Pouco importante,Pouco importante,Importante,Importante,Importante,Importante,"África do Sul, Argentina",Malbec,"Núbio Malbec - Vinícola Sanjo, VF Rosé - Vinícola Villa Francioni, Cave Pericó Brut Branco Espumante - Vinícola Pericó",Sim,Compartilhar
23/08/2021 13:54:32,31 a 40 anos,Sim,Feminino,Ensino Superior completo,Estudante,R$7.501 ou mais,15 ou mais,Médio,"Com companheiro(a), Com familiares","Em casa, Casa de amigos, Restaurantes e bares, Festas","Supermercado, Internet, Quando viajo",Sim,"Seco, Meio-seco",Sempre,Ás vezes,Ás vezes,Muitas vezes,Raramente,Muito importante,Importante,Muito importante,Muito importante,Muito importante,Muito importante,Muito importante,Muito importante,Neutro,Pouco importante,Muito importante,Muito importante,Pouco importante,Nada importante,Muito importante,Neutro,Importante,Muito importante,"Argentina, Brasil, Espanha, Estados Unidos, França, Portugal","Chardonnay, Malbec, Sauvignon Blanc, Cabernet Sauvignon e Pinot Noir.","Montepulciano Mastino - Vinícola Leone di Venezia, Primiero Cabernet Sauvignon - Vinícola Villaggio Bassetti, VF Rosé - Vinícola Villa Francioni",Sim,Felicidade.
23/08/2021 14:07:38,21 a 25  anos,Sim,Feminino,"Pós-graduação (especialização), mestrado ou doutorado",Estudante,R$2.501 - R$3.500,1 - 2 garrafas,Baixo,Com amigos(as),"Casa de amigos, Festas","Supermercado, Não compro vinhos",Não,"Seco, Meio-seco, Suave, Doce",Raramente,Raramente,Raramente,Raramente,Raramente,Muito importante,Muito importante,Muito importante,Muito importante,Muito importante,Muito importante,Muito importante,Muito importante,Muito importante,Muito importante,Muito importante,Muito importante,Muito importante,Muito importante,Muito importante,Muito importante,Muito importante,Muito importante,"África do Sul, Argentina, Brasil, Chile, Espanha, Estados Unidos, Itália, França, Portugal, Uruguai",Malbec,"Montepulciano Mastino - Vinícola Leone di Venezia, Thera Anima Rosé - Vinícola Thera, Primiero Cabernet Sauvignon - Vinícola Villaggio Bassetti, Pinot Noir Cuvée de Safras - Vinícola Quinta da Neve, Núbio Malbec - Vinícola Sanjo, VF Rosé - Vinícola Villa Francioni, Suzin Sauvignon Blanc - Vinícola Suzin, Cave Pericó Brut Branco Espumante - Vinícola Pericó",Não,Sabor
23/08/2021 15:20:17,18 a 20 anos,Sim,Feminino,Ensino Médio,Estudante,R$2.501 - R$3.500,1 - 2 garrafas,Baixo,Com amigos(as),"Em casa, Casa de amigos, Casa de familiares",Supermercado,Não,Suave,Sempre,Raramente,Raramente,Nunca,Nunca,Pouco importante,Muito importante,Pouco importante,Pouco importante,Neutro,Nada importante,Nada importante,Nada importante,Importante,Nada importante,Nada importante,Muito importante,Muito importante,Muito importante,Muito importante,Nada importante,Nada importante,Neutro,"Argentina, Brasil",Uva roxa,Primiero Cabernet Sauvignon - Vinícola Villaggio Bassetti,Não,Suave
23/08/2021 15:28:21,18 a 20 anos,Sim,Feminino,Ensino Médio,Estudante,Até R$2.500,1 - 2 garrafas,Nenhum,Com companheiro(a),Em casa,Supermercado,Não,Suave,Muitas vezes,Ás vezes,Raramente,Nunca,Nunca,Muito importante,Muito importante,Importante,Importante,Pouco importante,Pouco importante,Pouco importante,Pouco importante,Neutro,Neutro,Muito importante,Muito importante,Importante,Muito importante,Muito importante,Muito importante,Importante,Muito importante,Brasil,Não sei kk,Montepulciano Mastino - Vinícola Leone di Venezia,Não,Sabor
23/08/2021 15:55:42,21 a 25  anos,Sim,Feminino,Ensino Superior em andamento,Estudante,Até R$2.500,1 - 2 garrafas,Baixo,"Com companheiro(a), Com familiares",Em casa,Supermercado,Não,"Suave, Doce",Muitas vezes,Raramente,Raramente,Raramente,Raramente,Muito importante,Importante,Neutro,Neutro,Neutro,Neutro,Neutro,Neutro,Importante,Neutro,Neutro,Importante,Importante,Importante,Importante,Neutro,Neutro,Neutro,"Brasil, Portugal, Uruguai",Qualquer uma,"Pinot Noir Cuvée de Safras - Vinícola Quinta da Neve, Suzin Sauvignon Blanc - Vinícola Suzin",Sim,Sabor
23/08/2021 16:24:50,21 a 25  anos,Sim,Feminino,Ensino Superior em andamento,Estudante,Até R$2.500,1 - 2 garrafas,Baixo,Sozinho(a),"Em casa, Casa de amigos, Restaurantes e bares","Supermercado, Internet",Não,"Seco, Suave",Raramente,Raramente,Raramente,Ás vezes,Nunca,Muito importante,Neutro,Importante,Importante,Pouco importante,Importante,Importante,Importante,Importante,Nada importante,Nada importante,Importante,Pouco importante,Pouco importante,Importante,Nada importante,Nada importante,Nada importante,Brasil,uvas pretas ,VF Rosé - Vinícola Villa Francioni,Não,Não quero que esse acabe nunca.
23/08/2021 20:10:07,21 a 25  anos,Sim,Masculino,Ensino Superior em andamento,Estudante,R$3.501 - R$4.500,3 - 5 garrafas,Baixo,"Sozinho(a), Com companheiro(a), Com familiares, Com amigos(as)","Em casa, Casa de amigos, Casa de familiares, Restaurantes e bares","Supermercado, Internet, Lojas especializadas",Não,"Seco, Meio-seco, Suave",Muitas vezes,Raramente,Ás vezes,Raramente,Ás vezes,Importante,Muito importante,Importante,Neutro,Neutro,Neutro,Muito importante,Importante,Nada importante,Importante,Pouco importante,Importante,Importante,Neutro,Neutro,Nada importante,Nada importante,Pouco importante,"Argentina, Brasil, Chile, Espanha, Itália, França",zinfandel e tempranillo ,"Montepulciano Mastino - Vinícola Leone di Venezia, Núbio Malbec - Vinícola Sanjo, VF Rosé - Vinícola Villa Francioni",Sim,momento.
23/08/2021 20:18:49,21 a 25  anos,Sim,Feminino,Ensino Superior em andamento,Estudante,R$7.501 ou mais,3 - 5 garrafas,Baixo,"Com companheiro(a), Com amigos(as)","Em casa, Casa de amigos, Casa de familiares, Restaurantes e bares","Supermercado, Internet",Não,Seco,Muitas vezes,Raramente,Muitas vezes,Raramente,Raramente,Importante,Pouco importante,Pouco importante,Importante,Pouco importante,Pouco importante,Importante,Pouco importante,Importante,Pouco importante,Pouco importante,Muito importante,Neutro,Neutro,Neutro,Pouco importante,Importante,Neutro,"Argentina, Brasil, Chile, Espanha, Itália, Portugal, Uruguai",Merlot ,"VF Rosé - Vinícola Villa Francioni, Suzin Sauvignon Blanc - Vinícola Suzin, Cave Pericó Brut Branco Espumante - Vinícola Pericó",Sim,Relaxar
23/08/2021 20:55:55,18 a 20 anos,Sim,Masculino,Ensino Superior em andamento,Estudante,Até R$2.500,3 - 5 garrafas,Baixo,"Sozinho(a), Com companheiro(a), Com familiares, Com amigos(as)","Em casa, Restaurantes e bares, Festas","Supermercado, Lojas especializadas",Não,"Seco, Meio-seco",Muitas vezes,Raramente,Muitas vezes,Raramente,Muitas vezes,Muito importante,Importante,Importante,Muito importante,Pouco importante,Importante,Neutro,Neutro,Neutro,Importante,Importante,Neutro,Importante,Neutro,Neutro,Neutro,Neutro,Muito importante,"Argentina, Brasil, Chile, Portugal","Syrah, malbec, Chardonnay, merlot, pinot noir, do porto","Primiero Cabernet Sauvignon - Vinícola Villaggio Bassetti, Pinot Noir Cuvée de Safras - Vinícola Quinta da Neve, Suzin Sauvignon Blanc - Vinícola Suzin, Cave Pericó Brut Branco Espumante - Vinícola Pericó",Não,Experiência 
24/08/2021 11:02:14,31 a 40 anos,Sim,Masculino,"Pós-graduação (especialização), mestrado ou doutorado",Estudante,R$2.501 - R$3.500,1 - 2 garrafas,Médio,Com companheiro(a),"Em casa, Casa de familiares","Supermercado, Internet, Lojas especializadas",Não,"Seco, Meio-seco, Suave",Muitas vezes,Muitas vezes,Ás vezes,Muitas vezes,Ás vezes,Importante,Nada importante,Nada importante,Nada importante,Nada importante,Neutro,Neutro,Neutro,Neutro,Neutro,Neutro,Neutro,Neutro,Neutro,Neutro,Neutro,Neutro,Neutro,"Argentina, Brasil, Chile, Espanha, Estados Unidos, França, Portugal",Merlot,"Montepulciano Mastino - Vinícola Leone di Venezia, Thera Anima Rosé - Vinícola Thera, Primiero Cabernet Sauvignon - Vinícola Villaggio Bassetti, Pinot Noir Cuvée de Safras - Vinícola Quinta da Neve, Núbio Malbec - Vinícola Sanjo, VF Rosé - Vinícola Villa Francioni, Suzin Sauvignon Blanc - Vinícola Suzin, Cave Pericó Brut Branco Espumante - Vinícola Pericó",Sim,Sabor
24/08/2021 15:36:41,21 a 25  anos,Sim,Feminino,Ensino Superior em andamento,Estudante,R$7.501 ou mais,1 - 2 garrafas,Nenhum,Com companheiro(a),Em casa,Supermercado,Não,Seco,Ás vezes,Raramente,Ás vezes,Ás vezes,Nunca,Pouco importante,Importante,Nada importante,Nada importante,Pouco importante,Pouco importante,Nada importante,Nada importante,Nada importante,Pouco importante,Nada importante,Pouco importante,Nada importante,Nada importante,Pouco importante,Nada importante,Nada importante,Pouco importante,Brasil,Qualquer uma ,Primiero Cabernet Sauvignon - Vinícola Villaggio Bassetti,Não,Campo Largo
24/08/2021 18:03:46,21 a 25  anos,Sim,Masculino,Ensino Superior em andamento,Estudante,Até R$2.500,3 - 5 garrafas,Médio,"Com familiares, Com amigos(as)","Em casa, Casa de familiares, Restaurantes e bares","Supermercado, Internet, Lojas especializadas",Não,Seco,Raramente,Ás vezes,Ás vezes,Ás vezes,Raramente,Muito importante,Muito importante,Muito importante,Muito importante,Muito importante,Muito importante,Muito importante,Muito importante,Muito importante,Importante,Neutro,Muito importante,Muito importante,Neutro,Importante,Neutro,Neutro,Neutro,"Argentina, Brasil, Chile, Espanha, Itália, França, Portugal",Rose ou Branco ,"Pinot Noir Cuvée de Safras - Vinícola Quinta da Neve, VF Rosé - Vinícola Villa Francioni, Cave Pericó Brut Branco Espumante - Vinícola Pericó",Sim,Clássico 
25/08/2021 14:34:23,31 a 40 anos,Sim,Feminino,"Pós-graduação (especialização), mestrado ou doutorado",Estudante,R$5.501 - R$6.500,3 - 5 garrafas,Baixo,"Com companheiro(a), Com familiares, Com amigos(as)","Em casa, Casa de amigos, Casa de familiares, Restaurantes e bares","Supermercado, Internet, Lojas especializadas",Não,"Suave, Doce",Muitas vezes,Ás vezes,Raramente,Ás vezes,Nunca,Importante,Neutro,Importante,Muito importante,Importante,Importante,Neutro,Neutro,Pouco importante,Neutro,Importante,Muito importante,Nada importante,Nada importante,Muito importante,Nada importante,Pouco importante,Importante,"Argentina, França","Malbec, pinot noir","Montepulciano Mastino - Vinícola Leone di Venezia, Primiero Cabernet Sauvignon - Vinícola Villaggio Bassetti",Sim,Sabor
26/08/2021 09:05:01,21 a 25  anos,Sim,Feminino,Ensino Superior em andamento,Estudante,R$2.501 - R$3.500,1 - 2 garrafas,Baixo,Com familiares,Casa de amigos,Vinícolas,Não,Suave,Ás vezes,Ás vezes,Ás vezes,Ás vezes,Ás vezes,Neutro,Neutro,Neutro,Neutro,Neutro,Neutro,Neutro,Neutro,Neutro,Neutro,Neutro,Neutro,Neutro,Neutro,Neutro,Neutro,Neutro,Neutro,Brasil,Moscatel ,Cave Pericó Brut Branco Espumante - Vinícola Pericó,Sim,Saboroso 
24/08/2021 12:33:21,Acima de 60 anos,Sim,Masculino,Ensino Superior completo,Industrial,R$7.501 ou mais,3 - 5 garrafas,Alto,"Sozinho(a), Com companheiro(a), Com familiares, Com amigos(as)","Em casa, Casa de amigos, Casa de familiares, Confraria de vinho","Supermercado, Vendedores autônomos",Sim,Seco,Muitas vezes,Nunca,Ás vezes,Ás vezes,Ás vezes,Importante,Importante,Importante,Importante,Muito importante,Importante,Importante,Importante,Importante,Pouco importante,Neutro,Neutro,Neutro,Neutro,Neutro,Neutro,Neutro,Neutro,"Argentina, Brasil, Chile, Uruguai",Malbec e cabernet Sauvignon,"Thera Anima Rosé - Vinícola Thera, Primiero Cabernet Sauvignon - Vinícola Villaggio Bassetti, Pinot Noir Cuvée de Safras - Vinícola Quinta da Neve, Núbio Malbec - Vinícola Sanjo, VF Rosé - Vinícola Villa Francioni, Suzin Sauvignon Blanc - Vinícola Suzin, Cave Pericó Brut Branco Espumante - Vinícola Pericó",Sim,Sensações...
23/08/2021 22:31:06,41 a 50 anos,Sim,Feminino,"Pós-graduação (especialização), mestrado ou doutorado",Professor(a),R$7.501 ou mais,11 - 15 garrafas,Médio,"Com companheiro(a), Com amigos(as)","Em casa, Casa de amigos, Restaurantes e bares, Festas","Supermercado, Vinícolas",Não,Seco,Muitas vezes,Ás vezes,Ás vezes,Ás vezes,Raramente,Pouco importante,Nada importante,Pouco importante,Pouco importante,Nada importante,Nada importante,Pouco importante,Pouco importante,Pouco importante,Pouco importante,Pouco importante,Nada importante,Nada importante,Pouco importante,Nada importante,Nada importante,Nada importante,Nada importante,"Argentina, Brasil, Chile, França, Portugal, Uruguai","Chardonnay , Chabert S  ","Thera Anima Rosé - Vinícola Thera, Núbio Malbec - Vinícola Sanjo, VF Rosé - Vinícola Villa Francioni, Suzin Sauvignon Blanc - Vinícola Suzin, Cave Pericó Brut Branco Espumante - Vinícola Pericó",Sim,Sabor 
23/08/2021 23:13:22,31 a 40 anos,Sim,Feminino,"Pós-graduação (especialização), mestrado ou doutorado",Professor(a),R$7.501 ou mais,1 - 2 garrafas,Baixo,"Com companheiro(a), Com familiares, Com amigos(as)","Em casa, Casa de amigos, Casa de familiares, Restaurantes e bares","Supermercado, Vinícolas, Lojas especializadas",Não,Seco,Muitas vezes,Ás vezes,Raramente,Ás vezes,Raramente,Muito importante,Importante,Importante,Importante,Neutro,Importante,Importante,Neutro,Importante,Importante,Neutro,Importante,Importante,Importante,Importante,Neutro,Neutro,Importante,"Brasil, Chile, França, Uruguai",Cabernet Sauvignon; Merlot; Tannat; Syrah;  Carmenere ,"Primiero Cabernet Sauvignon - Vinícola Villaggio Bassetti, Núbio Malbec - Vinícola Sanjo, VF Rosé - Vinícola Villa Francioni, Suzin Sauvignon Blanc - Vinícola Suzin",Sim,Sabor
23/08/2021 13:06:58,31 a 40 anos,Sim,Masculino,"Pós-graduação (especialização), mestrado ou doutorado",Servidor(a) público(a),R$4.501 - R$5.500,3 - 5 garrafas,Médio,"Com companheiro(a), Com familiares","Em casa, Casa de familiares",Lojas especializadas,Não,Seco,Ás vezes,Ás vezes,Ás vezes,Ás vezes,Raramente,Importante,Neutro,Neutro,Neutro,Neutro,Neutro,Neutro,Neutro,Neutro,Neutro,Neutro,Neutro,Neutro,Pouco importante,Neutro,Pouco importante,Pouco importante,Neutro,Brasil,.,VF Rosé - Vinícola Villa Francioni,Sim,Prazer
23/08/2021 15:20:43,41 a 50 anos,Sim,Feminino,"Pós-graduação (especialização), mestrado ou doutorado",Servidor(a) público(a),R$4.501 - R$5.500,3 - 5 garrafas,Baixo,Sozinho(a),Em casa,Supermercado,Não,"Meio-seco, Suave",Muitas vezes,Raramente,Ás vezes,Raramente,Raramente,Importante,Pouco importante,Pouco importante,Pouco importante,Importante,Pouco importante,Importante,Importante,Importante,Importante,Importante,Muito importante,Muito importante,Importante,Muito importante,Muito importante,Pouco importante,Muito importante,"Argentina, Brasil, Portugal",não sei responder,"Montepulciano Mastino - Vinícola Leone di Venezia, Primiero Cabernet Sauvignon - Vinícola Villaggio Bassetti",Sim,Relaxamento
23/08/2021 15:32:27,41 a 50 anos,Sim,Masculino,"Pós-graduação (especialização), mestrado ou doutorado",Servidor(a) público(a),R$4.501 - R$5.500,3 - 5 garrafas,Médio,"Com companheiro(a), Com familiares, Com amigos(as)","Em casa, Casa de amigos, Casa de familiares, Restaurantes e bares, Festas","Supermercado, Vinícolas, Internet, Vendedores autônomos",Não,Seco,Sempre,Ás vezes,Muitas vezes,Muitas vezes,Raramente,Muito importante,Importante,Importante,Importante,Muito importante,Muito importante,Importante,Importante,Importante,Neutro,Importante,Muito importante,Neutro,Neutro,Muito importante,Nada importante,Neutro,Neutro,"Argentina, Brasil, Estados Unidos, França, Portugal","Malbec, Merlot, Cabernet Franc, Montepulciano e Pinot Noir","Montepulciano Mastino - Vinícola Leone di Venezia, Thera Anima Rosé - Vinícola Thera, Primiero Cabernet Sauvignon - Vinícola Villaggio Bassetti, Núbio Malbec - Vinícola Sanjo, VF Rosé - Vinícola Villa Francioni",Sim,Amigos e Familia
23/08/2021 15:32:53,31 a 40 anos,Sim,Feminino,"Pós-graduação (especialização), mestrado ou doutorado",Servidor(a) público(a),R$5.501 - R$6.500,3 - 5 garrafas,Baixo,"Com companheiro(a), Com familiares, Com amigos(as)","Em casa, Casa de amigos, Casa de familiares, Restaurantes e bares, Festas","Supermercado, Vinícolas, Internet, Lojas especializadas, Quando viajo, Vendedores autônomos",Não,Seco,Sempre,Ás vezes,Muitas vezes,Ás vezes,Raramente,Muito importante,Importante,Importante,Importante,Muito importante,Muito importante,Importante,Importante,Importante,Neutro,Muito importante,Importante,Nada importante,Nada importante,Muito importante,Nada importante,Neutro,Neutro,"Argentina, Brasil, Estados Unidos, França, Portugal","Malbec, Merlot e Camernere ","Montepulciano Mastino - Vinícola Leone di Venezia, Thera Anima Rosé - Vinícola Thera, Primiero Cabernet Sauvignon - Vinícola Villaggio Bassetti, Núbio Malbec - Vinícola Sanjo, VF Rosé - Vinícola Villa Francioni",Sim,Relaxar
23/08/2021 16:48:26,41 a 50 anos,Sim,Masculino,"Pós-graduação (especialização), mestrado ou doutorado",Servidor(a) público(a),R$7.501 ou mais,1 - 2 garrafas,Baixo,"Com companheiro(a), Com familiares","Em casa, Casa de familiares","Supermercado, Vinícolas, Quando viajo",Não,"Seco, Meio-seco",Muitas vezes,Ás vezes,Muitas vezes,Ás vezes,Raramente,Muito importante,Neutro,Neutro,Neutro,Pouco importante,Nada importante,Importante,Importante,Neutro,Nada importante,Nada importante,Muito importante,Nada importante,Nada importante,Muito importante,Pouco importante,Pouco importante,Neutro,"Argentina, Brasil, Chile, Espanha, Portugal","Cabernet sauvignon, tannat",VF Rosé - Vinícola Villa Francioni,Sim,Aroma
23/08/2021 17:05:57,41 a 50 anos,Sim,Feminino,"Pós-graduação (especialização), mestrado ou doutorado",Servidor(a) público(a),R$6.501 - R$7.500,1 - 2 garrafas,Baixo,Com companheiro(a),"Em casa, Casa de amigos, Restaurantes e bares","Supermercado, Vinícolas",Não,Seco,Muitas vezes,Ás vezes,Ás vezes,Ás vezes,Raramente,Neutro,Nada importante,Importante,Importante,Pouco importante,Pouco importante,Pouco importante,Muito importante,Muito importante,Muito importante,Importante,Muito importante,Importante,Neutro,Importante,Nada importante,Nada importante,Nada importante,"Brasil, Chile, Espanha, Uruguai","Cabernet Sauvignon, Merlot","Thera Anima Rosé - Vinícola Thera, Núbio Malbec - Vinícola Sanjo, VF Rosé - Vinícola Villa Francioni",Sim,Harmonização 
23/08/2021 18:22:10,31 a 40 anos,Sim,Masculino,"Pós-graduação (especialização), mestrado ou doutorado",Servidor(a) público(a),R$7.501 ou mais,3 - 5 garrafas,Médio,"Sozinho(a), Com companheiro(a), Com familiares, Com amigos(as)","Em casa, Casa de amigos, Casa de familiares","Vinícolas, Lojas especializadas",Sim,Seco,Muitas vezes,Raramente,Ás vezes,Raramente,Nunca,Muito importante,Neutro,Importante,Importante,Neutro,Importante,Muito importante,Muito importante,Muito importante,Importante,Importante,Muito importante,Importante,Neutro,Importante,Neutro,Importante,Neutro,"Argentina, Brasil, Chile, Itália, França","Syrah, pintot noir ","Montepulciano Mastino - Vinícola Leone di Venezia, Thera Anima Rosé - Vinícola Thera, Primiero Cabernet Sauvignon - Vinícola Villaggio Bassetti, Pinot Noir Cuvée de Safras - Vinícola Quinta da Neve, Núbio Malbec - Vinícola Sanjo, VF Rosé - Vinícola Villa Francioni, Suzin Sauvignon Blanc - Vinícola Suzin, Cave Pericó Brut Branco Espumante - Vinícola Pericó",Sim,Harmonizações 
23/08/2021 18:32:32,51 a 60 anos,Sim,Feminino,"Pós-graduação (especialização), mestrado ou doutorado",Servidor(a) público(a),R$6.501 - R$7.500,1 - 2 garrafas,Alto,"Com familiares, Com amigos(as)","Casa de amigos, Casa de familiares, Restaurantes e bares","Supermercado, Vinícolas, Internet, Quando viajo",Não,Seco,Muitas vezes,Ás vezes,Muitas vezes,Muitas vezes,Raramente,Importante,Importante,Importante,Importante,Importante,Importante,Importante,Importante,Neutro,Importante,Importante,Importante,Importante,Nada importante,Pouco importante,Pouco importante,Nada importante,Importante,"Argentina, Brasil, Chile, Portugal",Carmenere,"Primiero Cabernet Sauvignon - Vinícola Villaggio Bassetti, Pinot Noir Cuvée de Safras - Vinícola Quinta da Neve, Núbio Malbec - Vinícola Sanjo, VF Rosé - Vinícola Villa Francioni, Suzin Sauvignon Blanc - Vinícola Suzin, Cave Pericó Brut Branco Espumante - Vinícola Pericó",Sim,Complexidade 
23/08/2021 18:42:40,Acima de 60 anos,Sim,Masculino,"Pós-graduação (especialização), mestrado ou doutorado",Servidor(a) público(a),R$7.501 ou mais,6 - 10 garrafas,Médio,Com companheiro(a),"Em casa, Casa de familiares","Supermercado, Quando viajo",Não,Seco,Ás vezes,Nunca,Ás vezes,Ás vezes,Ás vezes,Muito importante,Importante,Neutro,Neutro,Neutro,Neutro,Muito importante,Muito importante,Neutro,Neutro,Muito importante,Importante,Importante,Importante,Muito importante,Importante,Nada importante,Pouco importante,Chile," Carmenère 
","Núbio Malbec - Vinícola Sanjo, VF Rosé - Vinícola Villa Francioni, Suzin Sauvignon Blanc - Vinícola Suzin, Cave Pericó Brut Branco Espumante - Vinícola Pericó",Sim,Sabor 
23/08/2021 19:08:31,41 a 50 anos,Sim,Masculino,"Pós-graduação (especialização), mestrado ou doutorado",Servidor(a) público(a),R$7.501 ou mais,1 - 2 garrafas,Baixo,"Com companheiro(a), Com familiares, Com amigos(as)","Em casa, Casa de amigos, Casa de familiares, Restaurantes e bares",Supermercado,Não,Seco,Sempre,Raramente,Raramente,Raramente,Ás vezes,Muito importante,Importante,Neutro,Neutro,Neutro,Neutro,Importante,Neutro,Importante,Neutro,Neutro,Importante,Neutro,Neutro,Importante,Neutro,Neutro,Neutro,"África do Sul, Argentina, Chile, Espanha, França, Portugal, Uruguai","Tempranillo, Merlot, Tannat, Shirat, Carbenet Sauvignon, Malbec",VF Rosé - Vinícola Villa Francioni,Sim,Harmonização!
23/08/2021 19:08:52,41 a 50 anos,Sim,Feminino,Ensino Superior completo,Servidor(a) público(a),R$5.501 - R$6.500,6 - 10 garrafas,Médio,"Sozinho(a), Com companheiro(a), Com familiares, Com amigos(as)","Em casa, Casa de amigos, Casa de familiares, Restaurantes e bares, Festas","Supermercado, Internet, Quando viajo",Não,Seco,Sempre,Sempre,Muitas vezes,Sempre,Ás vezes,Importante,Neutro,Importante,Importante,Pouco importante,Neutro,Importante,Importante,Neutro,Neutro,Importante,Muito importante,Neutro,Neutro,Importante,Muito importante,Importante,Neutro,"Argentina, Espanha, Portugal","Malbec, Garnacha, Touriga Nacional, Merlot","Montepulciano Mastino - Vinícola Leone di Venezia, VF Rosé - Vinícola Villa Francioni, Cave Pericó Brut Branco Espumante - Vinícola Pericó",Sim,relaxamento
23/08/2021 19:55:26,31 a 40 anos,Sim,Masculino,"Pós-graduação (especialização), mestrado ou doutorado",Servidor(a) público(a),R$7.501 ou mais,11 - 15 garrafas,Médio,"Sozinho(a), Com companheiro(a), Com amigos(as)","Em casa, Casa de amigos, Restaurantes e bares, Festas","Supermercado, Vinícolas, Internet, Quando viajo",Sim,Seco,Sempre,Ás vezes,Ás vezes,Muitas vezes,Ás vezes,Muito importante,Muito importante,Importante,Muito importante,Importante,Muito importante,Neutro,Importante,Importante,Neutro,Muito importante,Muito importante,Pouco importante,Nada importante,Muito importante,Nada importante,Nada importante,Nada importante,"Argentina, Espanha, Estados Unidos, Itália, França","Malbec, Merlot, Cabernet Sauvignon, Cabernet Franc, Souvignon Blanc, Chardonnay","Montepulciano Mastino - Vinícola Leone di Venezia, VF Rosé - Vinícola Villa Francioni",Sim,Descanso
23/08/2021 20:02:43,Acima de 60 anos,Sim,Masculino,"Pós-graduação (especialização), mestrado ou doutorado",Servidor(a) público(a),R$4.501 - R$5.500,3 - 5 garrafas,Baixo,Com amigos(as),"Em casa, Casa de amigos","Quando viajo, Vendedores autônomos",Não,Seco,Ás vezes,Raramente,Raramente,Raramente,Nunca,Muito importante,Muito importante,Importante,Neutro,Importante,Neutro,Importante,Importante,Importante,Neutro,Neutro,Importante,Importante,Neutro,Importante,Neutro,Neutro,Importante,"Argentina, Brasil",Malbeque,"Núbio Malbec - Vinícola Sanjo, Suzin Sauvignon Blanc - Vinícola Suzin",Não,Malbeque
23/08/2021 20:14:21,51 a 60 anos,Sim,Masculino,"Pós-graduação (especialização), mestrado ou doutorado",Servidor(a) público(a),R$7.501 ou mais,6 - 10 garrafas,Médio,"Sozinho(a), Com amigos(as)","Em casa, Casa de amigos",Lojas especializadas,Não,Seco,Ás vezes,Raramente,Ás vezes,Ás vezes,Ás vezes,Muito importante,Neutro,Importante,Importante,Neutro,Importante,Importante,Neutro,Neutro,Neutro,Neutro,Importante,Neutro,Importante,Importante,Importante,Neutro,Neutro,"Argentina, Brasil",Cabernet,"Montepulciano Mastino - Vinícola Leone di Venezia, Primiero Cabernet Sauvignon - Vinícola Villaggio Bassetti, VF Rosé - Vinícola Villa Francioni, Suzin Sauvignon Blanc - Vinícola Suzin, Cave Pericó Brut Branco Espumante - Vinícola Pericó",Sim,Sensações 
23/08/2021 21:41:08,31 a 40 anos,Sim,Masculino,"Pós-graduação (especialização), mestrado ou doutorado",Servidor(a) público(a),R$6.501 - R$7.500,3 - 5 garrafas,Baixo,"Com companheiro(a), Com familiares, Com amigos(as)","Em casa, Casa de amigos, Casa de familiares","Supermercado, Vinícolas, Quando viajo",Sim,Seco,Sempre,Ás vezes,Raramente,Muitas vezes,Nunca,Importante,Neutro,Importante,Importante,Neutro,Pouco importante,Nada importante,Nada importante,Importante,Neutro,Pouco importante,Neutro,Pouco importante,Pouco importante,Importante,Neutro,Nada importante,Nada importante,"Argentina, Brasil, Chile, Uruguai",Carmeneri - Merlot - Cabernet Sauvignon- Malbec,Núbio Malbec - Vinícola Sanjo,Sim,Harmonia
23/08/2021 21:42:11,31 a 40 anos,Sim,Feminino,"Pós-graduação (especialização), mestrado ou doutorado",Servidor(a) público(a),R$7.501 ou mais,3 - 5 garrafas,Médio,"Sozinho(a), Com companheiro(a)",Em casa,Supermercado,Não,Seco,Muitas vezes,Nunca,Raramente,Ás vezes,Nunca,Importante,Importante,Importante,Importante,Importante,Importante,Muito importante,Importante,Muito importante,Pouco importante,Pouco importante,Muito importante,Pouco importante,Pouco importante,Importante,Nada importante,Nada importante,Neutro,"Chile, Portugal, Uruguai","Carmener, merlot, malbec...",Núbio Malbec - Vinícola Sanjo,Sim,Relax
23/08/2021 22:05:12,31 a 40 anos,Sim,Masculino,"Pós-graduação (especialização), mestrado ou doutorado",Servidor(a) público(a),R$2.501 - R$3.500,1 - 2 garrafas,Baixo,Com amigos(as),Em casa,Lojas especializadas,Não,Meio-seco,Ás vezes,Ás vezes,Ás vezes,Raramente,Raramente,Muito importante,Neutro,Neutro,Neutro,Importante,Neutro,Importante,Importante,Muito importante,Importante,Neutro,Importante,Muito importante,Pouco importante,Pouco importante,Pouco importante,Neutro,Nada importante,Estados Unidos,Pinnot noir,Suzin Sauvignon Blanc - Vinícola Suzin,Sim,Estilo
23/08/2021 22:44:00,41 a 50 anos,Sim,Masculino,"Pós-graduação (especialização), mestrado ou doutorado",Servidor(a) público(a),R$7.501 ou mais,15 ou mais,Médio,"Com companheiro(a), Com familiares","Em casa, Casa de amigos, Casa de familiares, Restaurantes e bares","Supermercado, Vinícolas, Internet, Lojas especializadas, Quando viajo",Não,"Seco, Meio-seco",Ás vezes,Ás vezes,Ás vezes,Ás vezes,Ás vezes,Pouco importante,Pouco importante,Pouco importante,Pouco importante,Pouco importante,Pouco importante,Pouco importante,Pouco importante,Pouco importante,Pouco importante,Pouco importante,Pouco importante,Nada importante,Nada importante,Nada importante,Nada importante,Nada importante,Nada importante,"Argentina, Brasil, Chile, Portugal, Uruguai","Malbec, Camenere, tempranillo","Montepulciano Mastino - Vinícola Leone di Venezia, Primiero Cabernet Sauvignon - Vinícola Villaggio Bassetti, Pinot Noir Cuvée de Safras - Vinícola Quinta da Neve, Núbio Malbec - Vinícola Sanjo, VF Rosé - Vinícola Villa Francioni, Suzin Sauvignon Blanc - Vinícola Suzin, Cave Pericó Brut Branco Espumante - Vinícola Pericó",Sim,Saborear 
24/08/2021 05:55:31,31 a 40 anos,Sim,Feminino,"Pós-graduação (especialização), mestrado ou doutorado",Servidor(a) público(a),R$5.501 - R$6.500,3 - 5 garrafas,Médio,"Sozinho(a), Com amigos(as)","Em casa, Casa de amigos, Restaurantes e bares, Festas","Supermercado, Vinícolas, Lojas especializadas, Quando viajo, Vendedores autônomos",Não,Seco,Muitas vezes,Raramente,Raramente,Ás vezes,Nunca,Muito importante,Neutro,Neutro,Neutro,Neutro,Importante,Importante,Importante,Importante,Neutro,Muito importante,Importante,Neutro,Neutro,Importante,Importante,Importante,Neutro,"Argentina, Chile",Cabernet sauvignon,"VF Rosé - Vinícola Villa Francioni, Suzin Sauvignon Blanc - Vinícola Suzin, Cave Pericó Brut Branco Espumante - Vinícola Pericó",Sim,"Lazer, prazer"
24/08/2021 10:37:59,51 a 60 anos,Sim,Masculino,"Pós-graduação (especialização), mestrado ou doutorado",Servidor(a) público(a),R$7.501 ou mais,6 - 10 garrafas,Médio,"Sozinho(a), Com amigos(as)","Em casa, Casa de amigos","Supermercado, Internet, Vendedores autônomos",Sim,Seco,Sempre,Raramente,Ás vezes,Ás vezes,Ás vezes,Muito importante,Neutro,Importante,Importante,Muito importante,Muito importante,Importante,Importante,Muito importante,Importante,Muito importante,Importante,Pouco importante,Neutro,Importante,Neutro,Neutro,Importante,"Argentina, Chile, Itália, Portugal, Uruguai","Malbec
Carmenere
Tannat
","Montepulciano Mastino - Vinícola Leone di Venezia, Thera Anima Rosé - Vinícola Thera, Núbio Malbec - Vinícola Sanjo",Sim,Prazer
24/08/2021 10:53:43,51 a 60 anos,Sim,Masculino,"Pós-graduação (especialização), mestrado ou doutorado",Servidor(a) público(a),R$4.501 - R$5.500,3 - 5 garrafas,Baixo,"Com companheiro(a), Com amigos(as)","Em casa, Casa de amigos",Supermercado,Não,Seco,Sempre,Nunca,Nunca,Ás vezes,Raramente,Muito importante,Neutro,Importante,Neutro,Importante,Neutro,Importante,Neutro,Muito importante,Muito importante,Importante,Importante,Nada importante,Nada importante,Muito importante,Nada importante,Nada importante,Pouco importante,"Argentina, Portugal","Malbec, uvas portuguesas",Núbio Malbec - Vinícola Sanjo,Sim,Sabor
24/08/2021 12:19:40,26 a 30 anos,Sim,Masculino,"Pós-graduação (especialização), mestrado ou doutorado",Servidor(a) público(a),R$2.501 - R$3.500,1 - 2 garrafas,Médio,Com companheiro(a),"Em casa, Restaurantes e bares",Supermercado,Não,Seco,Sempre,Raramente,Muitas vezes,Ás vezes,Raramente,Muito importante,Pouco importante,Importante,Importante,Nada importante,Nada importante,Muito importante,Neutro,Nada importante,Importante,Importante,Neutro,Neutro,Pouco importante,Importante,Muito importante,Nada importante,Nada importante,"Chile, França","vinhos encorpados (Cabernet Sauvignon, Merlot..)",VF Rosé - Vinícola Villa Francioni,Não,sexo
24/08/2021 12:24:23,51 a 60 anos,Sim,Feminino,"Pós-graduação (especialização), mestrado ou doutorado",Servidor(a) público(a),R$7.501 ou mais,1 - 2 garrafas,Baixo,Com companheiro(a),Em casa,"Vinícolas, Internet, Vendedores autônomos",Sim,Seco,Muitas vezes,Nunca,Ás vezes,Ás vezes,Raramente,Muito importante,Importante,Importante,Importante,Importante,Muito importante,Muito importante,Nada importante,Pouco importante,Pouco importante,Pouco importante,Importante,Pouco importante,Pouco importante,Pouco importante,Nada importante,Pouco importante,Importante,"Argentina, Chile, Portugal","Malhei, cabernet","Montepulciano Mastino - Vinícola Leone di Venezia, Thera Anima Rosé - Vinícola Thera, Primiero Cabernet Sauvignon - Vinícola Villaggio Bassetti, VF Rosé - Vinícola Villa Francioni",Sim,Prazer
24/08/2021 12:55:21,31 a 40 anos,Sim,Masculino,"Pós-graduação (especialização), mestrado ou doutorado",Servidor(a) público(a),R$7.501 ou mais,3 - 5 garrafas,Médio,"Sozinho(a), Com familiares","Em casa, Casa de familiares","Supermercado, Vinícolas",Não,Seco,Sempre,Raramente,Sempre,Sempre,Ás vezes,Muito importante,Muito importante,Pouco importante,Muito importante,Nada importante,Neutro,Importante,Neutro,Muito importante,Pouco importante,Pouco importante,Importante,Pouco importante,Nada importante,Muito importante,Nada importante,Nada importante,Importante,"Argentina, Brasil, Chile, Uruguai","Merlot, Malbec","Montepulciano Mastino - Vinícola Leone di Venezia, Núbio Malbec - Vinícola Sanjo, Suzin Sauvignon Blanc - Vinícola Suzin",Sim,Comida
24/08/2021 18:43:41,31 a 40 anos,Sim,Masculino,"Pós-graduação (especialização), mestrado ou doutorado",Servidor(a) público(a),R$7.501 ou mais,3 - 5 garrafas,Baixo,Com companheiro(a),"Em casa, Restaurantes e bares","Supermercado, Internet, Quando viajo",Sim,"Seco, Meio-seco",Muitas vezes,Raramente,Ás vezes,Ás vezes,Ás vezes,Pouco importante,Pouco importante,Pouco importante,Pouco importante,Pouco importante,Pouco importante,Importante,Importante,Pouco importante,Pouco importante,Pouco importante,Muito importante,Pouco importante,Pouco importante,Importante,Nada importante,Importante,Pouco importante,"Chile, Espanha, Portugal",Merlot,"Núbio Malbec - Vinícola Sanjo, VF Rosé - Vinícola Villa Francioni",Sim,Paz
24/08/2021 18:53:49,41 a 50 anos,Sim,Feminino,"Pós-graduação (especialização), mestrado ou doutorado",Servidor(a) público(a),R$6.501 - R$7.500,1 - 2 garrafas,Baixo,"Com familiares, Com amigos(as)","Em casa, Casa de amigos",Supermercado,Não,Suave,Sempre,Raramente,Ás vezes,Ás vezes,Raramente,Muito importante,Muito importante,Nada importante,Nada importante,Muito importante,Nada importante,Neutro,Neutro,Neutro,Neutro,Neutro,Neutro,Neutro,Pouco importante,Pouco importante,Pouco importante,Pouco importante,Importante,Brasil,Vitis viniferas,Primiero Cabernet Sauvignon - Vinícola Villaggio Bassetti,Sim,Sabor agradável de uva
24/08/2021 20:29:26,31 a 40 anos,Sim,Masculino,"Pós-graduação (especialização), mestrado ou doutorado",Servidor(a) público(a),R$7.501 ou mais,1 - 2 garrafas,Baixo,"Com companheiro(a), Com amigos(as)","Em casa, Casa de amigos, Restaurantes e bares","Supermercado, Vinícolas, Quando viajo",Não,Seco,Muitas vezes,Muitas vezes,Muitas vezes,Ás vezes,Raramente,Muito importante,Neutro,Pouco importante,Muito importante,Pouco importante,Pouco importante,Neutro,Pouco importante,Importante,Pouco importante,Pouco importante,Muito importante,Pouco importante,Nada importante,Muito importante,Neutro,Neutro,Neutro,"África do Sul, Argentina, Brasil, Estados Unidos, França","gewurztraminer, chardonnay, tannat, merlot, Sauvignon Blanc","Suzin Sauvignon Blanc - Vinícola Suzin, Cave Pericó Brut Branco Espumante - Vinícola Pericó",Sim,Amigos
24/08/2021 21:19:00,41 a 50 anos,Sim,Masculino,"Pós-graduação (especialização), mestrado ou doutorado",Servidor(a) público(a),R$7.501 ou mais,1 - 2 garrafas,Baixo,Com companheiro(a),Em casa,"Supermercado, Internet",Não,"Seco, Meio-seco, Suave",Muitas vezes,Raramente,Raramente,Raramente,Ás vezes,Importante,Importante,Pouco importante,Pouco importante,Pouco importante,Pouco importante,Importante,Importante,Importante,Pouco importante,Pouco importante,Importante,Pouco importante,Pouco importante,Importante,Neutro,Importante,Pouco importante,"Argentina, Brasil, Portugal","Cabernet sauvignon, Syrah e Malbec",Núbio Malbec - Vinícola Sanjo,Sim,comida